creator_tx_hash,creator_epoch,creator_time_utc,total_to_bridge_ada,bridge_outputs_created,distinct_feeder_addresses,residual_bucket,sample_feeders
860fbcc180bb28d218f72cca5f8e045cd0d11d90a05d92798335445fd7ea4fd5,196,2020-06-03 17:31:31,999504.833984,1,1,single_feeder,Ae2tdPwUPEZAEHa41LLX4k4jLGqRBr5arXpyd7PypA9YB95PqM9G4sPi9bP
3cf4cd28d947ef66f2fd75ff8e0a8a5b55cbb53756a29de4de2c35bebc5c04a7,196,2020-06-03 18:38:11,49999.833984,1,1,single_feeder,Ae2tdPwUPEZGJpxivQLTCKAV3AdAjveng8HJHDCa6cqUXaHozJ8mcs4TQhr
fa728e79b0f18bea652cc865087c7829a84b694f95ea9a33c621831a3e8bfab8,196,2020-06-04 13:46:51,22422.269513,1,1,single_feeder,Ae2tdPwUPEYyxhviLwoWcYAYyzjH3GTQNo9b6RzRHuwZzKrQxXCg42DWeWn
b30ccac4862b76be6823cc561bb1fa2b2f898e74a151ae76723fe89aefda7b39,197,2020-06-05 02:29:31,39394.460222,1,2,small_multi_2_6,Ae2tdPwUPEZ68ymFmQuTTogwPGFmkfLXkGwXnGvkZXnz4qG9oqzLvGSjGuF|Ae2tdPwUPEZApWu8ZEweADWQWHDejHuC7jg2yCR7S4KmsXzsiPAsXwiQbw8
c5d14bf1862dcedab6c7e046b4394dd4eb979715feb961ecbef1de19241b174e,197,2020-06-05 22:16:51,5364.826029,1,2,small_multi_2_6,Ae2tdPwUPEZ6BG3ToaUYZ6Pwrjt5vLq76Uzv4xRu8HMfiKkpsr7v2uNYeB7|Ae2tdPwUPEZM1Tqt3rVnYbEScwBB4E7bUjyQwDfFHSSBFwhAnEssPhw5hQK
471e635236b03c67b8d75387d4f54162deb784cdedfdc1e06e9bb19059fea8b3,197,2020-06-06 08:18:51,10216.283984,1,1,single_feeder,Ae2tdPwUPEZLqtzymdwcDqVeWGrLHZG8eQXtjou1xvDYEkYyPgGbT5kbYgy
b155868bd449be52b1390df62739591f9ad2fc68f42499e64f670f50a69e364a,197,2020-06-06 21:44:11,755.553173,1,1,single_feeder_lt10k,Ae2tdPwUPEZ3CV65stJwRgPq67Nvrpt4CqtAseZhq9kTH44t5Mgx1eEFaSj
2eec2ee4907bed2371babe399318034c08197914ef059aa379b1ae604d4e5f4e,197,2020-06-07 02:01:31,21697.176784,1,1,single_feeder,Ae2tdPwUPEYy4Voqvs2tNgXPHeqJhLUcrFB4dVrw9EGZxonMDrUkzgE6sdj
0b83ff8a6063cec741cc446c6e94aab105117fe15fa776db7908d364c15eaf0d,197,2020-06-07 09:42:31,10117.908431,1,1,single_feeder,Ae2tdPwUPEZAwa8sfJr5Zc3gfdPtGnVMhQE3bE1Vd6jnjXHVCACWJWn5rzF
8451a2b685be3f26626a54b5fa3c09193b4bca3afc356a9629de3288c332051a,197,2020-06-07 18:21:51,4854.573384,1,1,single_feeder_lt10k,Ae2tdPwUPEZ2ieguwnvftYJNHn1PBajucAuzdcN9yBXVhRf9AbCXsUh7p9q
a153b69debdeb835f9348d556edb617534983f9e31cc67611ea9ae51071c51fb,197,2020-06-08 01:04:31,4664.698924,1,2,small_multi_2_6,Ae2tdPwUPEZ9xbuWs3oiU1iBh43v4VoFfCeYyspthBzZMgLGFoSnWzyHjte|Ae2tdPwUPEZAr3QWmr8sXt3bUwPwXP6TmDhgogryS5Ft1YVRC3aL7GA8whT
f4eaa79577fd3c1ccf1a1826e2074e9f38ad337f901fcb3b197b7681df3bee0c,197,2020-06-08 06:24:31,21000.016963,1,2,small_multi_2_6,Ae2tdPwUPEZ8Z88EBy66KS2hcVLDtwCTQnYPgV9i1svwg17bmE2C8ctKWY3|Ae2tdPwUPEZGYt4EiVdVSMhkjf3w57NLPz3qiWsttotHMgzZvMdYAPyEqFp
018934d69a348748fdd3b343a6ca6e27f68a5c340204aaa83b653bb40d05b5bb,197,2020-06-09 03:19:31,24560.963974,1,1,single_feeder,Ae2tdPwUPEZHm367cSbLJkJ5UCCXWb63CKyRfvxR629Eo2mZ9Ez2nZfs4W7
ff0e5a36b2f4a8fdaac74a116ac573313f255cfe98f95f8bbfa4c29b74c2bd52,197,2020-06-09 07:49:51,128.826205,1,2,small_multi_2_6,Ae2tdPwUPEZ7CKj7VJy9Y7ivR5SVCSu54Uyttt5HDaYxrrPsLiYzWfz713f|Ae2tdPwUPEZF3i9hXSrrK9mUoEhxi4bahpa1FpP9rmsrQfstW6cw96YbHyc
f51f51fbfb2b36e61aa8593e731652af3b6fed7e493b5b6681c5aa074da3b703,197,2020-06-09 09:39:11,74173.484684,1,1,single_feeder,Ae2tdPwUPEYvyJBSjzSRPeqFn3K5L594Y6bdsdZG3nYrkCydLm2ho9mmN55
f8124ad5596f72c6720e5b3b26ab78c06b1ad32c2ac3fa9f9006a3459cc24786,197,2020-06-09 11:27:51,134.102395,1,1,single_feeder_lt10k,Ae2tdPwUPEZLUP7HmzPH6yPBdU3Lk6woFFbc3bR4SSARWZKQEWvFp65aEjd
5d153c93e7da10a819e9ccdc4f465d6dbf6da584c4097555c6026f214158d107,197,2020-06-09 11:59:51,1039.834159,1,1,single_feeder_lt10k,Ae2tdPwUPEZ3remayeVVP2kJkDtPcLt4WCGVzVTzadTmsMv5CX4HPEDcASP
0dafc833a6dfcd21e9275b1c52303e121e4598843ded473d844dfd6eb48f02bc,197,2020-06-09 15:29:31,1200.119870,1,1,single_feeder_lt10k,Ae2tdPwUPEZ2AckxBgtRBVHPtHaaxoNXwkzPfU6RUNLAMUtrrqVUTX8HKju
adb037bb2c986a791288790d997741d753109bb167e48be5721a87bd65765f81,198,2020-06-10 12:34:11,16857.548764,1,1,single_feeder,Ae2tdPwUPEZ9VQXTZHWUq4ru5VDJ94WqqpZhee7uyx62hUBCuompvTRcSZ4
a4a529b7746db50cd7878f5172d1b1764ba285416a2aee50954c98188915d086,198,2020-06-10 14:33:31,48.834159,1,1,single_feeder_lt10k,Ae2tdPwUPEZ3QYUEa7tpKPfAwEH2xAHAi1dEjfAS4r1pgEJwGJj4tTRZw8M
7216c5b8c90052c9c00050a182b4d41c1f5a890aa102cc2697df4ded0639ceb4,198,2020-06-11 06:29:51,8042.781984,1,1,single_feeder_lt10k,Ae2tdPwUPEZ8oNHs39mRuujYqa2WLbvBKWbShzUk4EBo9cW9ejD3v4QcyJC
23344ebb2f7fe5ccc50c78a310818509a818db57954a3a239a11973f185291fd,198,2020-06-11 07:49:11,2561.591091,1,1,single_feeder_lt10k,Ae2tdPwUPEZKNXmTZwtN8q4W9XaK9aYKbvYxxLfgbGDkQbvqojp6G2sWB7a
83ab5628dffab10fd40207bea02482e3b32590257046d0219f373457c2d5b4ca,198,2020-06-12 20:36:31,50769.833984,1,1,single_feeder,Ae2tdPwUPEZ33J1L1jvwL33dRG3WEWVPa6BZKvCmkyVhj8Gpjr3DkUu2BbU
d25841264efd88c3f7d85ba8718d2f3b5bcd54bdf641dfc57b8e1903babe5dc5,198,2020-06-13 03:18:11,99.834159,1,1,single_feeder_lt10k,Ae2tdPwUPEZENqa4PhGAYWKMa8B2fFhqi85nf7U8F6zQrrXJaCbeYELykVU
b0ed8db241cae448b8cc14f4e32a470459ccc901a24c3cfa369436fd3adcf3bb,198,2020-06-13 21:37:11,24.834159,1,1,single_feeder_lt10k,Ae2tdPwUPEZ82y6DKqYAV4GJr9haRDyy23Ti5GCePbqsYgZyMhwgzec4Gkf
79b32f18a5c325c7844f6a97f0b093de976af768212f1792059a91b9c96c1ad8,198,2020-06-14 11:39:51,27065.666693,1,1,single_feeder,Ae2tdPwUPEZG4Fc9CKBNWkR3Yh3zdGPKGvsgeFEyUfiZri2Kiz7jxWF6cVR
9a717ed1a38b3066426b3956c9f6353640372b0778439abb437c18eddb202c2b,198,2020-06-14 14:49:31,553.834159,1,1,single_feeder_lt10k,Ae2tdPwUPEZGB5dwUhhoWKeuMBg8NuLEpdP2hqdGAA21s5zerwp5uthN6Qm
93f3dc8e591bfcb434549407cad44388628b4f6a8f14a9300e098b1f4a9643cc,199,2020-06-15 12:14:11,4015.826205,1,2,small_multi_2_6,Ae2tdPwUPEZ9GMgQuBhsjknfNjyrPq5hWLj9qCgtsWE1wQXU94KGj5itJCk|Ae2tdPwUPEZEwjb6Ci3WQFte2npEqQZ2ZDjZrJLa5v7Gbzbaavn4hTecahX
d3f8ab008272eee1dfcaeebf254107ab5bd005d366173fb51b32a2c12c6440d8,199,2020-06-16 04:48:11,3163.829430,1,1,single_feeder_lt10k,Ae2tdPwUPEZ66dTcA48khtchsuDHtXsFVwGLh6TtbF3t4ooz1S52ZoDUVht
82ae9465ee58d7607579e4ee45e2be76d07405d7b0759cfc910c5b9dd20fa2f4,199,2020-06-16 13:55:31,279302.521853,1,1,single_feeder,Ae2tdPwUPEZ4g7JvFeYCYnU5g661AvD5ZdTr3QrBexRRkd9mqFcsY6pkzbr
3ebe2aba065f0691b6aaa36b4ba276d45d3b869a9181543abbde1409cc63852f,199,2020-06-17 18:29:31,11197.883984,1,1,single_feeder,Ae2tdPwUPEZ8XAhcfnVb5Wf5U1b2rYpssqvu58CYWnh9ad6RC84sC4UwA1c
12f9e074fbc6e9fa4e9e0e96196423cc0ca50730874e22798a737d6322d34976,199,2020-06-17 19:51:51,98.834159,1,1,single_feeder_lt10k,Ae2tdPwUPEZ3A6jBMXuz28ipeuxAyTnF1ahNM8zHenGP5BJSK5heEovdbQT
3086a80fdd81072d76961144ceb8dfa9e9e647924c8fe7f47223185e52266393,199,2020-06-19 14:45:51,394.637959,1,1,single_feeder_lt10k,Ae2tdPwUPEZ6Wn61uv9yqNwS1ETNqBzYXHp2MVC12xJAQ2Ej4waHfHLb3sc
78f37d90dcb647dc537e7154630062ef78a2d8ca9b6eb0aa8cf992384def3b19,200,2020-06-20 17:19:31,999.834159,1,1,single_feeder_lt10k,Ae2tdPwUPEZ8tViFgndmdx2j8sTLM7QJxVN8SZhFvk1eU1moCVUBLLKWeqx
a9eba3d07b17dd5a4acbb6e24f3040527df4571de04f97ffb183e4309226a357,200,2020-06-21 07:47:11,2346.435369,1,1,single_feeder_lt10k,Ae2tdPwUPEZ7ccSoikYjsZ1C1UiyKaccxnHTzmSKY7wyTAHz37u1DSDgDUv
6a527714c715b99a3ee43c494a853101e1b538062084899375392c0e9148fdf9,200,2020-06-21 10:21:11,11851.457014,1,1,single_feeder,Ae2tdPwUPEZ6C59iwz9h9An3SSLN8VYDAncrBUPnuBV9SdVkv96dWePmG2X
14f422b71c1656641465388c19adb0b7128b082a1a2394e0146e86f714749f47,200,2020-06-23 08:49:11,872.959159,1,1,single_feeder_lt10k,Ae2tdPwUPEZ6wHbt983eKjk6fyoxiw6MCznyRC579mfxJ3NZ4u54r2ckZry
04f4ac24ef6a993d8e15bb246e66d6298a0787326bf1401a9377b79c0fcabba3,200,2020-06-23 19:04:51,98.834159,1,1,single_feeder_lt10k,Ae2tdPwUPEYxrUFgCZSk6e4Vm5d5dq3jFiupzKqMozpGTzhASFGMWZpV25h
3d8dda218c9fb577e4f9993fe88d3d1aa6be39ca51a9e29609c863a66ab10c4b,200,2020-06-23 21:12:51,9999.342948,1,1,single_feeder_lt10k,Ae2tdPwUPEZ5MVWexqky7HCDJYTgFtNoEGeg2YqSZXrMUfpiQpTNDzhz7wQ
bc1c65ed3837c28821a6f5c6353c94a0e5c707adc17a80a1d7878b412b91c45c,200,2020-06-24 13:19:51,13473.833984,1,1,single_feeder,Ae2tdPwUPEZ6rfwgsGh5E44jaypEym14DiP67RKmenaeHbnZZqYyyCWLnYH
e1dc4032ddc6bbf2bb04925819c0dbd7bcba4a10b3257dfb686734f59bb2a0c6,201,2020-06-25 21:04:31,99.834159,1,1,single_feeder_lt10k,Ae2tdPwUPEZ4qmhi7rcfukJv8X4CSVMrBBFsqB2FnZUiDuHABPyxZGR7VYH
4ab2a1afc7534b2a8b06e4de3a486915229a0f11808e45877e49df796a1c7731,201,2020-06-26 05:01:31,74652.486984,1,1,single_feeder,Ae2tdPwUPEZ5DMjPbueTKigw5SbaACnBkVTznj83fk3Xu7ThcvSajhwLeJ1
1bfc9252f8d53bfd7f7be3b2efdcc59c16e8a2671a1e7eea81ba68f317e20cc7,201,2020-06-29 00:26:31,39465.761984,1,1,single_feeder,Ae2tdPwUPEZ9shooAi5fHzWdPSwkzciGkqUpkaBU5LrENh8mhQA85wLcst5
6fcb8031d53525c8f2aa0014781f780e14c72b2f2d2a48acbd700d0940fc9359,202,2020-07-02 08:18:11,17709.208626,1,1,single_feeder,Ae2tdPwUPEZ8SeQgfxerTTFQ8kwt5xPJQ3Maxji3bUuETJdLAr39iH8aGth
ba083ef6f3010dbecba792d36267037f9ab2265e6de718de4825f425f47eafc1,202,2020-07-03 10:40:31,8459.391859,1,1,single_feeder_lt10k,Ae2tdPwUPEZHSSfY5rFLWBojonbjEZfd2gniL3qLbf17vjwvL898xEBv6xW
a87171c06f28888249b71f56d08bfa8091741467923ffcc57e6dc6e123054cda,202,2020-07-03 22:15:11,12296.086516,1,1,single_feeder,Ae2tdPwUPEZ8oqUy219zSc7955ynAz9msuYsD56PbmEDWKZju4piUorWmY4
0c950a807d10f8378fc614e209708e9dab119873613fc2edd1931cb82a12652d,203,2020-07-05 14:40:51,2694.076227,1,1,single_feeder_lt10k,Ae2tdPwUPEZMfuHUJuVAErRoWkVNCVRLs4sqT2YTM1q4G7GuPDqgy6kSYxC
f6eb7d8478ec1d9b7e66e5a3b9750be8559f60b0b6d0ff56833bb7077c784682,203,2020-07-05 15:06:31,2499.834159,1,1,single_feeder_lt10k,Ae2tdPwUPEZHee5QyEFN78L7oUn5h9ucZrgmiH4E6hCPpr3J4wu9K1tgbMe
4a7414b59401e93b06b41ab7ed144b9e761687f7d8d63f1a729dfb395903cc78,203,2020-07-07 05:38:11,1035.196759,1,1,single_feeder_lt10k,Ae2tdPwUPEZ2epSe7fhaiSrSCpV7Xk8xoD5gwURZejhnXVKzvV5CaoQwxXS
c53d334070fc9ad7f015cccbb44e4df76b2210fc44c18b4b3960b97346470169,203,2020-07-08 05:01:31,4432.193726,1,2,small_multi_2_6,Ae2tdPwUPEYzeuTY2jiGnhknLSq6vpfXLdfmiiqzTbip2tXXVakkmWZ4CSA|Ae2tdPwUPEZNKEGJMjU1DoNDwhXCyhs2bsf9rtWYpQcW1s7zjn24m7KcY6z
9848bc4c9711891842ee6abab51d086c5781a9c8b6c92a49d4861fc11758fe2f,203,2020-07-08 17:03:11,2995.834159,1,1,single_feeder_lt10k,Ae2tdPwUPEZK5wfewnjdjmmXgMYMGb475vTZTaRmjPhLoENCrtA6SHSikDp
9bbf63c4d935f7fe6ce585c4f0dc9c8e75ef3640dfc64176b13646621affaeba,203,2020-07-09 18:55:51,39384.833984,1,1,single_feeder,Ae2tdPwUPEZ2bBnrusW9Y6r7nZz8vi9SNg2cePecwcmHr8CmkPCVpaoV28M
14104a85b08f444f3a4ede033d2a87a322ab738699a40f2cd59d42bc6b498bdb,204,2020-07-10 15:51:31,18276.183884,1,1,single_feeder,Ae2tdPwUPEZA6Smr9i5g1tTimJkZSrYRLXtb8wAs5kijK7uP75yiJMv7jcy
c358ec2ad7c07710a0a0cc816b0795974e4d6ca4124af3ca5951696fe62cd97a,204,2020-07-11 20:54:51,58.834159,1,1,single_feeder_lt10k,Ae2tdPwUPEZLoTxQJaXu3ZvHBW84Dc88djSE3Wsoqn4S3SARmHjMhAUaPWz
f84fe029923a180e59e56165c877fc8c0e0ec913c8448a2d85f779ba3daaed2f,204,2020-07-12 22:49:51,6759.666386,1,1,single_feeder_lt10k,Ae2tdPwUPEZ99BTgakTjmK1pq8UBoFJzNaTiaJ9FPXedthEkFUJDSw1q8C8
93a564981c5939e62bded87a512ad7b23593f323b76793b0cc318ea6353217fd,204,2020-07-13 20:17:51,640.234159,1,1,single_feeder_lt10k,Ae2tdPwUPEZ3XG5zNRj4VBsXJWWqoHE1mU8sPP3sSQaWSRXsvgrSDKGk7BD
d40ed7e20e5b0ad020b6d882bdf11f59047889d88afab4802826e14c341c6cc2,206,2020-07-23 18:09:11,6761.327767,1,2,small_multi_2_6,Ae2tdPwUPEZ7kN1cFUkcPr1pXx7VKAVPFdsMez8q1YmhXdG1QyvjsgZZiTb|Ae2tdPwUPEZBYNNQuKse7yEP8cW3ykPtTDE3S4smQidF1NGWgtVjGP9quy3
1ea5b65050b51c8830039df4220960541b568f0018c6ba38298444e4e8dcc9f0,206,2020-07-24 07:15:31,18.834159,1,1,single_feeder_lt10k,Ae2tdPwUPEZKnVP6duoe4B7ARpF7XDxSQH3xi37hkCMCVah9CUxMjMtqxVh
180661734c3b2b2035112457fb41b04a2bd6acddf3fea28940a478b25e57d049,207,2020-07-26 14:46:31,2019.834159,1,1,single_feeder_lt10k,Ae2tdPwUPEZDZg8yVYrZ4DbbwFZpvNf8P3q6nttVLCjosxLhH6mpsJCFXhN
d9161085f4fe80b412d61ce711dda058fa3110fb588222ea4c26874596e6b9b0,210,2020-08-13 17:38:31,2108.435648,1,1,single_feeder_lt10k,Ae2tdPwUPEZJaaHTW9GxtDxbuS1gTzMZWs4i2sWgMZQc2Ux1oKTA7rSQHJA
d851d4df96feda4e3b40862d482ca92971d09ec4409bb63bf1c2d7585cd09120,211,2020-08-13 22:13:44,1807.632984,1,1,single_feeder_lt10k,Ae2tdPwUPEYyyn7G1GL2ay9AGbMsDyGfwEvR2WAk8TMv5BZMrHkhD8PyzQb
cff6f3b09fc68131b7de559300de908c405e787d96e0fbef60ddd00668a65994,211,2020-08-15 20:40:02,15.793119,1,1,single_feeder_lt10k,Ae2tdPwUPEZFqsCYyMYs9auEzRbAfjcsDp32eFaLMJArd4kkC7iE1yrS8T8
1a2c445f1444fcc9b9ed84bc9b12e68e1399216a1c4c12fe957604cc30f1b9db,211,2020-08-16 21:50:24,4167.088525,1,1,single_feeder_lt10k,Ae2tdPwUPEZ4TZpCWWSZoeew156U6WwsobeNCTpBjdSq8jdZC1dnibzfKw5
962019717f0eabc4c0f4e8700cbc57cdd2af91292f30026368b9cffd63f31aa1,211,2020-08-17 16:04:28,2127.676119,1,1,single_feeder_lt10k,Ae2tdPwUPEYycNoexMLwfVSRFZGy6RJiEANZmHkv4aDGP6YYvCrBhgHPM4e
abd8ad5af9b1a527bb89a891bfd2b787991f4be6faa1e472a70bd8dc8077a8b1,211,2020-08-18 04:37:48,1707.266567,1,1,single_feeder_lt10k,Ae2tdPwUPEZHs53quKPCUs2BWk7o5TvZLPToZGcGLt5YrmkF6fT7pbxXbTq
8957c2d8c32b21ec1e76a5150ae4f6bd3c3961389febfe1d81eccff046984ad0,212,2020-08-20 00:28:36,220.884819,1,1,single_feeder_lt10k,Ae2tdPwUPEYzhoae6wBmjEHYS23NeYEm76w7sG3BiV9pBTD9FGJagDEWVwz
60c5e190503923a8c5aa67bdfa1ed4b5b440f2f857b5dee19d478ecbd6fed69a,212,2020-08-20 19:54:26,181.781119,1,1,single_feeder_lt10k,Ae2tdPwUPEZAXnCxbeybJqDZQV3M4mRGQUi3WwB39KrWQjuhpV6Vj6KX1hW
1ef0b397d7344632589a38aab793bc9b777e4d847d58e75dcf701e7d7c9c74ee,212,2020-08-20 20:54:01,524.019039,1,1,single_feeder_lt10k,Ae2tdPwUPEYyE2jyhcZy6otCTv6B1KSgCZpkcRLiPpsPK7VuB9CkBBaLJQF
79387d3e7023a50fb23c4818e89e92dd88c40f3992f4d3ee6d983c17b69670f9,212,2020-08-21 01:24:51,4686.419262,1,1,single_feeder_lt10k,Ae2tdPwUPEYxHMkSPafiFQbQKGzFJgJJZM6VMbbwP2HN2J91PBh7muuYSYx
6141933bdaada7671a599f03b02c23bd7ad801978602bc461f0b9523f528016a,212,2020-08-21 02:07:46,499.807119,1,1,single_feeder_lt10k,Ae2tdPwUPEYwAc4dAqa4buyx4B7gnDktjCPk7ZmKAGD1Hyui6rgAL4qDcfZ
91a51b80f19f353f399b06299bb0d87e5891aa11e3e7c796326d72a1529d2841,212,2020-08-23 10:01:30,10948.806519,1,1,single_feeder,Ae2tdPwUPEYxjrgxh7zenusASt3hVR7J9zEqLBPhj9ocCNoGqjH6JabVRhE
a2a82e8e7d9d114a06296ad10000f302f929a4683979cba98830f29623bbe8ac,213,2020-08-24 21:43:15,1311.916372,1,1,single_feeder_lt10k,Ae2tdPwUPEZMrGDMmZcrHq7y4Fkso3Dnc3mbyQ6v9FD5wA8U6foAMnJfMuc
4d9a4c33d95b3018146af160b52848160f6f7ed60e4db55571480f07fb56f12b,213,2020-08-25 08:17:55,19538.084270,1,2,small_multi_2_6,Ae2tdPwUPEZ834KE4W6ocj6HBogpHYcriRMs8wd18adK1aHte54dk5orbeg|Ae2tdPwUPEZKyZM89V1okvv95Xm6HoytGxq95cp4L8jKVVhNoP8kcnivRij
0f549d9c586eb5ff882c5450481cb3240e64807b3cb1d4154a0d653b3021bbf1,213,2020-08-25 22:54:25,9.807119,1,1,single_feeder_lt10k,Ae2tdPwUPEZL5hZLfo7yXrytQKiYzqA5NYQxXMxrCVeDWDQ19K4CdW9GNUn
bb40256d1f20be98a2ff27f2ae7a1cc8096cd492acb72a217b99a26d679efab9,213,2020-08-27 03:23:23,702.220892,1,1,single_feeder_lt10k,Ae2tdPwUPEZ6hrKQNdAcGURNmRxmJp1X7a7PZ7o9CZ84seMwBPqMgFhNECw
73d7caf89a6a5d2512f46f111661aecc0dd096ea6e01a8a560ca1f491106cb5a,213,2020-08-28 12:55:21,2866.891554,1,2,small_multi_2_6,Ae2tdPwUPEZ9PubPZcm3eM3Kh4PgF3nf7KwM1x6RoDnAW88Z1JcYBuNwxUN|Ae2tdPwUPEZKGPVYa6zMH8bLURSbbAyZ7ZrEukf8qdp9xqmry66aXnW9qnj
46ce16182c1abe7af96aa25d89e893170ca05bd083be6c795a208dae484b161f,214,2020-08-29 09:50:43,575.350470,1,1,single_feeder_lt10k,Ae2tdPwUPEZN1NMr6MNpFyEMTk6MuUX6HGf2bKTqGwckr64Sz9Ak2kYbmjb
57aa0110c510a1fff8cc6286cb1155fc0e6a1a7e38b100f9692cedb538adc786,214,2020-08-29 22:10:12,1488.807119,1,1,single_feeder_lt10k,Ae2tdPwUPEYyYKtoMekwLNeYyfyQ6YKCMNAs5UrDeJoKKD6yrfzN3QVghPG
63595061e625c0b8f4192aa1fb5d8d01e76b55efcd0a376911b8fd416e153eaa,214,2020-08-30 09:55:01,174.807119,1,1,single_feeder_lt10k,Ae2tdPwUPEZASGAAdHFC6qisjajRDFkrtAVsmmDhRi6xAho4PoiY9EY9DB3
0a2eaf078a6abe8ab3acf429d9b86e2978d99c8acdf2e3106b0f80e37bc9ae05,214,2020-08-31 18:13:11,12285.756059,1,1,single_feeder,Ae2tdPwUPEZ3C9wYNtqA1XUbAesYwux75kqacfbkhSzFPBodhyUu124c1Hf
4cd5cce461d0162eb57219e89ea4204e17ddab2752ee4129377ef2a070cd6154,214,2020-08-31 18:25:27,200.535011,1,1,single_feeder_lt10k,Ae2tdPwUPEZDaVZZhGFSDrHvqBgrSgU2SEdwUVFue88bdukQf83kxch1WpP
9547f06a1943003bee47812d19bbc1d3be85144b0dd3a3e4d46e28ad5f52239e,214,2020-08-31 21:16:04,6499.806519,1,1,single_feeder_lt10k,Ae2tdPwUPEZHC7YqwiADNsREP6WPMsMWsxsXJQgjW8aXQsu1FutzTUWw4kM
73abec2698f03be402e13ab5cb2f8df0c0ebfa4f5355affa83b1bb3f8b3f94aa,214,2020-09-01 11:57:13,3408.807119,1,1,single_feeder_lt10k,Ae2tdPwUPEZDT9FLoHaHjqWApCrE9aUeK9hnbHcNYsyGcmdGQNRG3XGZJry
54046fc4dbde6ebe73cfcba420a7e3d28c849582a7e23d9dcc0e6a2f548fbfd2,215,2020-09-04 19:18:38,12.300919,1,1,single_feeder_lt10k,Ae2tdPwUPEZHqqNQV5ijmnUuvcTohGMZU4mv5nEswVoEjjoSjYi84paJcSm
c27945638d4008704083a7a20cc62476c920a5df9ec7f7654e15fff87e333813,215,2020-09-05 04:12:25,1849.607119,1,1,single_feeder_lt10k,Ae2tdPwUPEZ8NxUhoab6pVoXNDnLPUz4miaQNLxCstfMv5i7E9MvweKuNfM
3ee7ad74d65b8237decf8c191ee988db344087d5f55b399c1a5cefcc3ff1b562,215,2020-09-06 03:13:02,9999.806519,1,1,single_feeder_lt10k,Ae2tdPwUPEZ9eC2fCfPSLewxaPSHa13qk5snxhcQw8pQpmAfKVzeZASZq6y
9568c91e1b49ca5ce3b2afe11340f8dd14448fc511d16a1b24a1e0e0c31c07da,216,2020-09-09 08:06:25,198.807119,1,1,single_feeder_lt10k,Ae2tdPwUPEZFGomE6pxLk7E5UDBaSaT5AprZgHrU8K9enrV8zDpSxv3gWSQ
4a1d8c84fcd02edb7f5b4377b86fdf90c5b3b691a5f42a67b3771cd74112eee7,216,2020-09-09 19:01:31,14335.506519,1,1,single_feeder,Ae2tdPwUPEYyosQ257frvvScJMLMqUiZQmAfHmhUFJ2xc8KbB3edFMun5Wu
ce66457579ff25037273caaa5452536ee1dafd5f6994fb2c75924266b3463fe8,216,2020-09-11 15:48:05,99.807119,1,1,single_feeder_lt10k,Ae2tdPwUPEYwHzvh77x1ss2U4hsRXFLF4Vj4RvDPWpCzabmY1ypgo6cMu1k
9012aa895d67d77dfa399d69892939c90df40b3493652cf115303adcec902327,216,2020-09-12 08:14:12,10091.686789,1,1,single_feeder,Ae2tdPwUPEZK5hXqog2BVRrUUpQN38J7322jdhL3qmsiMhAxbr59nGCGkTd
bb31486573ea2ca0090d1f3fa066038066e34bdef9b806ce758f7da6d8bfd934,217,2020-09-15 18:43:25,2518.215079,1,1,single_feeder_lt10k,Ae2tdPwUPEZ7eJ58fDp91ZC5Wo7F8A1FeCxLwrgP4E7Pjy3tHLmyUNrBDf9
5635681494c177b283f7cd15d514e76e39e96945d8b754713c5da55a18f95575,217,2020-09-16 06:36:16,1999.797119,1,1,single_feeder_lt10k,Ae2tdPwUPEZKWRwhi3roFcKZfs739bBUkipcLCejzveaXmoqo4WVn4z4ipg
13addad579e16d163b6199a9a007e2eb935b0f6f5e662c8a901a17fb877d5c30,217,2020-09-16 10:04:22,499.797119,1,1,single_feeder_lt10k,Ae2tdPwUPEZJiJAY31CZQJ3Wu7pZubfq1W99bf7oAJDqrURJ1GUNpq9epE4
341316f5bd1b94b6850f4a6d587b6a4618bfa355057e8105578a5e21f584d0ce,217,2020-09-17 12:00:05,2499.608925,1,1,single_feeder_lt10k,Ae2tdPwUPEZLE5sjybPeGUCmSTWkxXGhFw43R5c2No6YwEnDWeErZDtDzAG
583f5da457c413f88e4714236a7d60e703903027ea6023513550bb33001c7dca,218,2020-09-22 10:02:53,120.974819,1,1,single_feeder_lt10k,Ae2tdPwUPEZGjtbvpw58EgH6TdGDS1aLUU1tTZFcxn4BaeVWmbUzy2tDGW6
32c1f9364faf71b32fd624fdd192787e124a16e2e4b6534fd4bc94bed826dba0,219,2020-09-23 00:26:25,315.480119,1,1,single_feeder_lt10k,Ae2tdPwUPEZ1nVNzh8f7iAzQ5ur8ker14Jg1w1EWaBbVXdB7zoUz1XymVqw
79b707e3ca0d8e89cd2ae4b10e833ca86dcac020f8fdfbbe01b35c18fed7805e,219,2020-09-24 17:49:47,522.897119,1,1,single_feeder_lt10k,Ae2tdPwUPEZDkQ4pgacBBHibVJn2xzkXit39TXcbvUKwj33dg3TuWj7BuCs
17ae0f0b13e28c845e8b7e7842f3f90cd9a52278d25f790be42e26d443aa980e,219,2020-09-27 01:22:07,199.797119,1,1,single_feeder_lt10k,Ae2tdPwUPEZDyY5nTSUqb3eQdN1sMSU6npqyrpdZMwZWbTXV2ce73tE9Yta
85992b4dd9ee63f1725164c7745b791f91d3451e27053f3d3863e43e64afb9a3,219,2020-09-27 15:46:46,1031.597119,1,1,single_feeder_lt10k,Ae2tdPwUPEZHsowfHMwPJnuxbSGPFiFQkkGH5WMAdeBCC191JtDXJzoisfH
5b844635a293c6bf6a61b17489063af9b23a7bc28357a4ab071553a98352c5f2,220,2020-09-28 14:38:47,399.797119,1,1,single_feeder_lt10k,Ae2tdPwUPEYxHRGJFEu9h7SUJiZk6eNfADA5nLE113a1HekUMFWG1R1xxiX
1f130f91f4690ed3ddb54c9a7020e01553eb4dc871b92636b21d3ce6f87e13dc,220,2020-09-28 14:59:13,308.597119,1,1,single_feeder_lt10k,Ae2tdPwUPEZC166dEZoyPrVck3xwhrKQYcMDquH47UXkwbPSLAyt8SzX9yx
4371b08c6e0aa9012df8ab69ceb29cb7f0d33eef1aab99480d1adb6f9ba6231f,220,2020-09-29 08:45:53,2016.813743,1,1,single_feeder_lt10k,Ae2tdPwUPEZJ3UUGGSkTBHmvuc3mbvnWiCDQyoa27iqFdi8uU24AErt5hva
726f7fe7cfc79ddc64a0e573c21b0689cd1264eeca489b0508f0d1767877d179,220,2020-09-29 18:54:44,497.309576,1,1,single_feeder_lt10k,Ae2tdPwUPEZACd3vYDXVUvTLiy7rfTiRy9UNHvyQmdtupWnfj4ZCASLNy2j
57a16f537f5dd22f4f77443f3c909203912ce1497d7a62bb02d6291d12638d35,220,2020-09-30 20:21:49,1998.802119,1,1,single_feeder_lt10k,Ae2tdPwUPEZ8FX1F6SmTt7aCkMFJzBrr5wB4HaRYYDa8LGsX3nWjcdrbsnC
b38588a12e30fe3550f557b41a3d51fd8466bbfa30bb1e244565a00f9c4b9f59,220,2020-10-01 15:46:24,249.197119,1,1,single_feeder_lt10k,Ae2tdPwUPEZDuLVKP55faveQKmWHmB6vHjs5eG3JeiaUPQr1dGZxsazdvEb
187e79da79ec0de3794df6df8dc85a7a2e98b4194eda71deb107592e5fcbaeb9,220,2020-10-02 05:31:24,49999.796519,1,1,single_feeder,Ae2tdPwUPEZ4Xz41NEyERw7owKXh53ePTsCQFm4LaBCLjnh5Rv16wHVgUCc
1a4c0a6512fd275c4e72c11ea6e442827525d0646f4d5eece40cc0eab01671d1,220,2020-10-02 10:29:37,124.197119,1,1,single_feeder_lt10k,Ae2tdPwUPEYxPGQ25J2R3oSqbxQCZt6fw9joVLTtMLsPXSk4PzGKGZ319yh
06dfbd60ca9b4de437a6bb206e6ab71c4cb5fed5462a5c51148b97f65d2d42e3,220,2020-10-02 16:42:14,4597.489632,1,1,single_feeder_lt10k,Ae2tdPwUPEZBVS2WX7X5aYUmL3G1TGB5ACMWUwwd1NtZjtdCceMnvVKCPdU
f020e2d332355178fd4afa7cb302a02c244407446e29164f3e246eb6e34eb32b,221,2020-10-03 11:43:01,1272.797119,1,1,single_feeder_lt10k,Ae2tdPwUPEZ9FpMn2fshBZdKVcaGsLjCGuD9QwDDrCqkRCScVn7e3gQQ8p4
717730584d6eb379dfb47531c02f1284f78fa6f23eaaf3a56479cce8d6f33fbb,221,2020-10-03 21:20:26,1637.597119,1,1,single_feeder_lt10k,Ae2tdPwUPEYywvBsPMyDKfMicNqbTBFsyKkckHqdiERZpvwHbxMy9K7NLWM
7c66ea62b2196206eef802e0864fcd0de2e534bf05d9cc196ff6e3e0e4400b51,221,2020-10-04 07:19:54,2223.791719,1,1,single_feeder_lt10k,Ae2tdPwUPEYw3WnJyHVZ7sqmJ3EFk4zkPLPnVHJRjngAyiG7Z3Yj7XJMWmj
3e4766d92a19ac144bda9a14d487ba5d0f513ee769e6046345d5783473d5518b,221,2020-10-05 13:19:21,6040.696519,1,1,single_feeder_lt10k,Ae2tdPwUPEZA2MUbrEy6LzxFJr6P5weFh377RtVvEoQESRZaJfTRCoE4cFD
fb9dd3ecdacdcec1e93ad4824960403eb437c7ef5502d9f164a73c93042d62f6,221,2020-10-05 20:20:14,8977.796519,1,1,single_feeder_lt10k,Ae2tdPwUPEZ9YFuWE6e2qbftKurccHkzrYY3WCjV1srkWpTRc78AZcNast9
7f805512e91c95967952a3f2e4aa061177a189284a835b17a7f2f1d336b3b4eb,222,2020-10-09 16:20:24,10099.469169,1,2,small_multi_2_6,Ae2tdPwUPEZHLWRoSdKB52SVABZ5DHB5cnbZpqTRnVzn9HBmE9F3mesMc1A|Ae2tdPwUPEZMRNay1q4mbBodaG9eBFpBKPHpoYgqzrpNe17oKCD4Gwe35C1
b6c2bdb1cd44155aef6cf53e2c0fa24405093f2b9bd4cef89aab0d847c2b7c29,222,2020-10-10 06:17:37,14998.796519,1,1,single_feeder,Ae2tdPwUPEZFk8nmgQ7HDXTU7e2ivAf9WicrvZskDLLhuC46y4gm153pVp3
4fbf271a006c2ffb75d8304fccac42ca673904ae52d13c9a382e41cd6da13fcd,222,2020-10-10 15:31:58,299.639119,1,1,single_feeder_lt10k,Ae2tdPwUPEZFsGVfgRrtAD5tNmcrchJyhijWiYMHgng9sQi1SwksufupGMC
db0e152ea05927e065acc4078b5b348b598a7672e119017b1c9dee94c5c9037a,222,2020-10-11 09:42:37,1208.621083,1,1,single_feeder_lt10k,Ae2tdPwUPEZ5aYb8aCnHY491o2cwMMfNo895MBVuFhueoFwBXRqnK2yKJaf
61484fbf6ffa2221d35f5cb5140b3fb90f10de564a125c81250d4b5b52955717,222,2020-10-11 11:10:57,258.797119,1,1,single_feeder_lt10k,Ae2tdPwUPEZ5pwHhivBHYZKDLUtmvx19sGT6uP7x1XSETvbof4fewsARkDZ
b3e19d9c61fec60b4883333f628d6965d92c29a4ba91a90aa11ae623540cd1a5,222,2020-10-12 14:42:03,2525.197119,1,1,single_feeder_lt10k,Ae2tdPwUPEZJWdndRuNKxPmYVibkVd7hvmVUjLwhxSRdQAcP9bbvsF81cQ3
1e59f6938d6f1ddaa5c220ac6ed5a16602d87a14eeb557c5c040f4a40e518463,222,2020-10-12 20:46:31,68.804219,1,1,single_feeder_lt10k,Ae2tdPwUPEZHoA4gPahuJCtWiEQM5CGs2rsD941MnqHLvwPqWZCVA8KPZMx
587987cd4a2924427e9195bd6507b4c5e5acca3e56ac466f7814446001908b32,223,2020-10-13 02:03:28,749.797119,1,1,single_feeder_lt10k,Ae2tdPwUPEZHrTDNiCgei1KRnvRTozSG9Z1cJm9DxPzmihKFC5XkpnXrQLC
dc4331a7e0cd572196a07760ec0713d812e7626e9591e1908c987be431f7a890,223,2020-10-14 08:57:29,5003.480497,1,1,single_feeder_lt10k,Ae2tdPwUPEZ4TznDWk36ULvyEbGKvk5RMYjfXSxB6YnK1c7zAmzQL4EQHb8
a5ec556eacc98e7941685fb87b42a41a9e5322bf209d1932b61a2f02b6109a23,223,2020-10-15 04:43:42,124.671119,1,1,single_feeder_lt10k,Ae2tdPwUPEZJsjuZ3w9SUaHg58p3oSBdoTZpAVJ3vtVPYgmPufjozKo4ADB
016c863227c4385394d95e02fc1001bd869b9f2e077cdfecc33ba2fea7b0ba5e,223,2020-10-15 18:41:37,3226.505655,1,1,single_feeder_lt10k,Ae2tdPwUPEZKnxAKMwJR6N5iE7cRwRssLTQuVg7qNjNJL8xhBfY1WusQmd6
6d5941f827336523a8f711a9c0a73d63822615e31c991c396c450e1ba67216c8,223,2020-10-16 01:02:39,499.797119,1,1,single_feeder_lt10k,Ae2tdPwUPEZ6XDn2SBx7U76nyfK8iv43AdcGDcvWrTAQDfCdwUsdLGcMwcc
9246569e480697034e31897491c5dc5ec85710f68bac4ac028b346ce0dfb49ac,223,2020-10-17 04:36:06,1625.897119,1,1,single_feeder_lt10k,Ae2tdPwUPEZDKJAfsqNZAdURZq9xYXczmDoZLQvooQST7DXYLQ29Yqa4yoR
cf26e1f23190a4be3ebf6ffe4f417872fc7fff6e844cfd19806290e367b419ed,223,2020-10-17 11:17:15,3466.756048,1,1,single_feeder_lt10k,Ae2tdPwUPEYwgrS1KraZamagaJdKVmerhBYe7bZDrsnEFjse7WbLreET48x
5a6252e6449517d08c252bbe934130a70d292640d0b11c816ce1163e2a35b41f,224,2020-10-18 08:02:42,2499.797119,1,1,single_feeder_lt10k,Ae2tdPwUPEZ8NmzmiEYfaSCJw1rDmbsGBgTwkkgM9n8us92iG1P6rH9V3S4
18e006c01b6d9cf295bb1932d4c96236c8557f1844c03a05726fe9933f19501a,224,2020-10-18 08:39:19,790.223671,1,1,single_feeder_lt10k,Ae2tdPwUPEYvyGJjzshmoCBNVUNMTKaXfZ7y7mGNLkNiYLUgW7VokNCxvxQ
e89344ffb5b3afe6e19071d65641320c0b19e0e351801a633c14af77e6132bef,224,2020-10-18 13:13:25,1252.049840,1,1,single_feeder_lt10k,Ae2tdPwUPEYxBJbKHkUmtWyRh3QBpKvNYrKPYCUNTniGxXYW4PG656RcWgD
c94cb0200693dc073eae926d6afe9f1539d7bd467d107385ba286c7d3f2cc3b5,224,2020-10-18 14:37:56,406.797119,1,1,single_feeder_lt10k,Ae2tdPwUPEZ4pVLpUDtwdrtUSQftsRpjV1CWYv4R3ZFTKcSLa2LKXrrWttc
74946344ddefb02e5b99fc2d6a3f3b19485ba6aa5a58c980fabfa215c48b9c7e,224,2020-10-19 03:10:19,268.297119,1,1,single_feeder_lt10k,Ae2tdPwUPEZHMwxTr2pVUhwqBnadH7fxSSLnNdvPgbU58GJQ3sg6HoEmW8j
3b52a78faad97a24a978b11f73c6a4266c19fe5a029ca9471b0be2652362a2c5,224,2020-10-19 16:57:20,6985.796518,1,1,single_feeder_lt10k,Ae2tdPwUPEYwKSYfMEN3ek3oRb1k93m3onuPGermyuxuiShaLyjSJsasAjJ
7a16ce9617c35835556b4a620e4f651134f256c818dea20fb221a8348233f3aa,224,2020-10-21 00:23:25,396.997919,1,1,single_feeder_lt10k,Ae2tdPwUPEYwRPUKhSLi27c49MtkDhRWL5T5AZ8QhRH3pQJCnbzC3Ud1bar
884cf5293d34ad6aafc85dbb663529ac420b48f67411e6c9c93e29c44fc0a83f,224,2020-10-22 02:24:35,824.439155,1,1,single_feeder_lt10k,Ae2tdPwUPEZKpRRHTdxcuFaQrJXwEcJvnFt9D5X93d8DEdqNqRn9VhpyjsB
e0edb4f4cb37e04e473f5b459a44687f1457d873f0259e959d8dd20a2c6750fc,224,2020-10-22 15:02:28,1495.797119,1,1,single_feeder_lt10k,Ae2tdPwUPEYzAckRE6s4bxyN5U5jx3miaCjJTqowSBBpYPwe9GmjASPra1T
83e7277201978a2bd2360c7642c64d4f9315b0ccf490a9b92eb46799a7057399,225,2020-10-23 13:53:59,218.797119,1,1,single_feeder_lt10k,Ae2tdPwUPEYzrGgEmCAEj6kd6fjxg4d8Lv6VVwv5jGrRLv3f1jiPeYJX9Ly
cf8c28d0245ce469eaf8a1afef71732cb4d8badb2fd692f9e9dd95aeef20f824,225,2020-10-24 08:57:01,7328.959019,1,1,single_feeder_lt10k,Ae2tdPwUPEZ1dVQ5NcmCHrwXhMKUAjTTtguJU3PuUCMwcaY2oFe6RNjoXtY
5152f2c004f50a28293dbd3389dd7e6d34fad0281ae6711540ae20d28d75a48a,225,2020-10-24 18:25:04,3999.797119,1,1,single_feeder_lt10k,Ae2tdPwUPEZHW6yjcdt5vUpyaGbDrQGaRbrT5iEooKW5kdxi6iAAQ9FeBqG
7557419813ee31856522c81119e53f3861e7a7f035eba61af63c084348cc45b6,225,2020-10-24 19:24:44,14130.741479,1,1,single_feeder,Ae2tdPwUPEZ1zVph6aeuz9t3eEmtjpdpJU59dhv5wXsEpYvY4suH8hZmLyz
592feeb867fba719d5023948d2f83bd602bf95165653662a96029d1894943a16,225,2020-10-25 05:12:00,1070.797119,1,1,single_feeder_lt10k,Ae2tdPwUPEYyHr5ZzzTGvWQ65VHxE4HNJ1i8BpbJDzhycWN5auSJa9r5SZg
92a6f9283c39e2bada3a1dd912ad2b3588e042bf226f33ff78016e584dbf9d57,225,2020-10-25 13:37:33,7999.796519,1,1,single_feeder_lt10k,Ae2tdPwUPEZ4ffvMfPbkXRJkCWyDe22sDptvE8zqEdCzqJiBgQSfHybs77q
2d8814a60e6fbc9519f08296c5114ce0e805118aea0981a205b9b47585da24b4,226,2020-10-28 07:08:18,49.097119,1,1,single_feeder_lt10k,Ae2tdPwUPEYx4LuA6DqSyD965aJNTfuYi4cfzyiHMdKYDnTUwoEN9d9ZA9d
e92cf44b25bca3c1953cfa9600f402fc2bb0d3fa3f0174434363a450afedb5b1,226,2020-10-28 17:43:38,570.021894,1,1,single_feeder_lt10k,Ae2tdPwUPEZHE45dNfSqcRBJo7zNieeMsPqNBLJvYxVCjna8eHTTwwnnw5U
940beffbcaa1a7ae9aaa82b6ee4a1211e9983c553120b05243c5b2eb4ca7c92e,226,2020-10-28 23:45:44,4748.466721,1,1,single_feeder_lt10k,Ae2tdPwUPEZ9JP2mq8PcJodoUX1kPjZuQtZVg31NWGfRPERismBB54RkeA4
6a714cb38269761158b15e45377f3ca0ee4a30dcd347896e54915b1800d2bb42,226,2020-10-28 23:57:17,2188.111695,1,1,single_feeder_lt10k,Ae2tdPwUPEZE4G6Y87C5DHbVrLgATRwBTLVzE5jhoStckKGkA7LVYXaUNak
272f072a722402e4383b818e41f58b92ed9a192ea2ce47451b03026d19ccbb6b,226,2020-10-29 02:33:03,7010.148510,1,1,single_feeder_lt10k,Ae2tdPwUPEZBB6dZz7dEu24q76Et74FVti9XdvCiiHKgxNdig3tf926k8Fn
65a2f47a34cf46b8941788f6ff69b7939a660c0e7cba7e1428c3617931e4af07,226,2020-10-30 00:05:21,9.797119,1,1,single_feeder_lt10k,Ae2tdPwUPEZ7Sca5sA8g43z7y3qZuYLstXGg5orfNvQ5YNT87VjhVCpLeB4
c616319505961f4b253d19eb54fe759cdc8c776ad82e8b618e9d61b3344f45f3,226,2020-10-31 14:21:31,245.550119,1,1,single_feeder_lt10k,Ae2tdPwUPEZ9JC2tcDbbUSwtWXFYXVgjdNRj37CuVVeGgFLWNB9oWjpSg3Y
dc6af6f1322840c830fc0e79aab303714ef7a9973d1ca9983213c894f897dceb,226,2020-10-31 17:47:16,9998.796519,1,1,single_feeder_lt10k,Ae2tdPwUPEZ7EcGLsPJuNova4qaDFKBkhd4J5rNgA63KedvMRqniKpXKUUD
5661acf05121cf6d95792aa76ad8be01db4c5073c8b232ff30e24205b0f8ac75,226,2020-10-31 21:27:04,4521.400421,1,1,single_feeder_lt10k,Ae2tdPwUPEZCgBxcAaAyjvnKFVNGyP1kE15cWs5WkJYkaHNaohg8Jk3XGcE
10b865beef15a8e714989bb27b06cf74d75d59c384ecc9be6a4bd8394e95f06a,227,2020-11-03 13:57:31,5537.843619,1,1,single_feeder_lt10k,Ae2tdPwUPEZFrW5NhaaXrVmuazFPMjcSrtygvRJeN9JgNCA9xrDvaqipJmY
cf9a2efbd4cc3d311d2391e4beecfdbf7cedef7693ac4ae203494b59c18b7166,227,2020-11-04 09:45:10,4498.796519,1,1,single_feeder_lt10k,Ae2tdPwUPEZKaLy21yjJCyCerKF7BbT6ZJpWHn3zsyuqrsWPcuYHLrHztMB
456bf1eec8457d5d778cddcff64f97baa870147dc3126e569de083474effa743,227,2020-11-05 01:26:51,4147.990667,1,1,single_feeder_lt10k,Ae2tdPwUPEZ2DQpRgMhbQzd7iAuha3TD2AjyAiuyGLx5okHsKvTJyVm9ifk
cf3bb2424eb00e5c4a66bc7fb5545f1d2d59695b5fe92f774f71f92192c6c7c1,227,2020-11-06 04:42:11,39997.796519,1,1,single_feeder,Ae2tdPwUPEZKA86wn7xe889vh3AF4DQDZ1SjR4suteW9xXenQxPtwH24egy
1a84d82afd939cf76f2803d173159cfa3c97ee021ca2b91f8283090970216989,228,2020-11-06 21:48:07,10.551144,1,1,single_feeder_lt10k,Ae2tdPwUPEZ3hPpVvo6PxS67NPMHYpTin2jsFdy569aTTfQ5r2M9frC3Rzq
d44d930ab2714d8305c3f0a551dfbcdda1447b3c7c655c85f13be42acdb6270f,228,2020-11-07 10:46:06,80.264811,1,1,single_feeder_lt10k,Ae2tdPwUPEZ26am1ebqXygB7hWpMjk3jMSEgiqfjLFX2u4k54JH4WQqWBvV
adf39b4331cbc526aeef6158e4e72bb96197551e884070a2e17ec1b6fc31e9e5,228,2020-11-07 14:35:56,80339.702894,1,1,single_feeder,Ae2tdPwUPEZ8m1m4RC5x8ie8yNUZEetXgpgTCogafDWgGFev6ZtmGKwmx2M
468b8d2cc0244df47150580d8576ddd0c307deb30f57dda1e4b918fa1c498dac,228,2020-11-08 19:09:47,13657.219690,1,1,single_feeder,Ae2tdPwUPEZBA3f4TYmJEemxzdXmTWEPNYmALTsCFWC5YX6ZSRGvSzDLr89
9bff5a177b43556c375a44359ebc258aca986fd6d0b1c5ea8af745152f775fc0,228,2020-11-09 08:33:03,535.797119,1,1,single_feeder_lt10k,Ae2tdPwUPEZCPzvt7gaG4iCU5SBBt5YEjQZ8Wf6XX5EccvahxuB1AFxXRYs
942185ade0c19a5128996e737c67b5344ad24bbdb71600f325fefdd2724b1c3a,229,2020-11-12 16:16:26,10035.796519,1,1,single_feeder,Ae2tdPwUPEZMVV8JhJx4NhP643uCS13nP3vuJz5ME135BbCQqFHVVhzkcqy
16c2aa6f5f1212212203935eba6dfa73a83570e0a8e0b29a4ce63a64a45d1b19,229,2020-11-12 23:18:11,1025.811466,1,1,single_feeder_lt10k,Ae2tdPwUPEZBNZShPddfJuuLX9VqYfsebBWMDj8iNDDY2ZmZ38YKcm439pj
d0a66ee12aaea07a4f9a41261595475906fafc972c4e4e393a11962b3904954e,229,2020-11-13 02:01:13,999.797119,1,1,single_feeder_lt10k,Ae2tdPwUPEZJuH6fuAtHpaoeX4WeiH9cx8WUkC9pCV8mbmGzfvqeHfumZUt
bd460946832665c852cb26793934d4c20222d29d9bcb7136ff0ae737d31e9abb,229,2020-11-13 10:39:52,2865.797119,1,1,single_feeder_lt10k,Ae2tdPwUPEZMhXYRAPeXtgGb7opKBfkYMwAP9F3K3DDJ412jtj5rHxZ3GQp
5f1235e5d4066f510a9e16078736ebf7da76abf4f995fbece9d59000fe3e2662,229,2020-11-14 00:00:02,1999.260119,1,1,single_feeder_lt10k,Ae2tdPwUPEZCq3eGKtHtM8MscAMrw6RUTGMXPnmB3xRA4tRe4mFANgagdyX
a0aa75f24aac2cda6f42d046d4d619aef04670030afdf3be297b8a198f5717a9,229,2020-11-14 13:10:57,199.797119,1,1,single_feeder_lt10k,Ae2tdPwUPEZG33QU8eyNirTnEQDmgVbEHozfJRdNSWfTsFTqNUFE41ASJh2
f405f53f0d11aed9dee94afe6b547195c71cedf22902cfe8991d8b65e5cbbc61,229,2020-11-14 19:51:22,2300.791719,1,1,single_feeder_lt10k,Ae2tdPwUPEYxVn4Qsgvm7DQvfKpxPLbySP18Tuefvx2brNPK7K8SHZtbas6
e1f8d90d9ca1027508cce49bd287c0d51ea2483000527e78c56af33a0816e8a2,229,2020-11-15 13:41:39,3989.415719,1,1,single_feeder_lt10k,Ae2tdPwUPEZ55mSxm9N9iby26VGKb28vYkQ1s9oahLdUEtSjcwv4uMBNfUa
e4c6060dcfaa84c1c89e4ad77d6880bb5f9b15fda1fb8ac114ee4b50623c74f4,230,2020-11-17 16:54:05,2286.693112,1,2,small_multi_2_6,Ae2tdPwUPEYxzu32Yg6idrJpjmfZEyF4zCPvb5PpCCS8YT3whSzfu42ufr9|Ae2tdPwUPEZ8vW9ndsGWcbcKgKHbCbnVGRTZbwSvuhmdhfJUR7BTTtkjngu
60f90eae184433b5dbbe98fb2f71e7b05944efca7a654b063991636b1eb7972b,230,2020-11-17 22:24:23,649.797119,1,1,single_feeder_lt10k,Ae2tdPwUPEZ3rr3zyhkfS8cA4FPDxpesdjH4RGFGdVBxcVyfmscxa3nsZZW
7d4a2a6cbcf1876436730168bf33d25b0141073c57396d804db882df30fb0ce1,230,2020-11-18 14:28:01,1699.258119,1,1,single_feeder_lt10k,Ae2tdPwUPEZHjiK9oD7pikezdt1fZYbs3Vk2qdmbCrz4dMCw8BLq91RKo1i
d8a825dbb6b22e81d8ccf09de761de94d1efb960ace1123143643da9c2db6588,230,2020-11-19 20:49:14,4999.796519,1,1,single_feeder_lt10k,Ae2tdPwUPEZ7YPVAnoLEvkuRePmVhM4r1NbMttvhDRbJr1i4fEknEHNhesW
0dcc90d69eeccbe1ea1a39e2af6bdd6654f9b9420717c5b3cbd76bdcce89c5d7,230,2020-11-20 14:49:59,26828.939519,1,1,single_feeder,Ae2tdPwUPEYyp7ypQ7GrWRz83cDTgHUqfLKTGapj8QFyisV2rG7LVTPxB34
9277a35fe4615ce7c16fd5010d1949d183f079671b04b969d15ed32800d6b1bf,230,2020-11-20 21:50:40,310.525857,1,1,single_feeder_lt10k,Ae2tdPwUPEYxr8BYkqSyR1ZVaaaHuKjY1yZ2hdB3QCqWyroCLEa5MA5SGi4
ff7d250e751690c5856988218d02ae72bb41288de48058ef5461364c2ff3fad9,230,2020-11-21 01:10:45,101675.894781,1,2,small_multi_2_6,Ae2tdPwUPEZ9D1XbXTeBSgkxT41PN8mWPFPeEbhhj2nALg8h9NgrqroRaea|Ae2tdPwUPEZMUAiyXncrqTiE3chFjHY44ZtWwDTtUUXpqZhc9QkV6oVzzst
bb8f42abf3832610d0fa37af93194d3196e7b2db22b7c8e7ea7e439d092d588c,230,2020-11-21 02:40:23,429.438132,1,1,single_feeder_lt10k,Ae2tdPwUPEZJc2j2D2XjoPHPscrVewUXZxarqy69AjVwrLyonS137hbRZ8e
989edd06e314b9bcd2e0602e6e8fc64de47d9050af1a6baf51895983ac3e6b54,230,2020-11-21 10:01:03,475.797119,1,1,single_feeder_lt10k,Ae2tdPwUPEZ5gYjPGEBdodHEw2W3cnk9K8bVBUUwam1Tz7vJt2irXkQgPgf
86372ded4bcee074b27b110f1c27095610710d40818120184630e5534e0eed59,230,2020-11-21 11:10:49,1533.698616,1,2,small_multi_2_6,Ae2tdPwUPEYxuHfAN5FwWLh4yqBDhfMobFVV3RAPD2vkXiHsF9a7n7NQX7Z|Ae2tdPwUPEZ9P4pxijEBpEhJrGA2Tsez78FAzXN3pZw5tfWNijoBL8zpiBu
d1c1874e7d7e9440d2c5eaca8ddc7789f9eacc791eed3885fe95c8cad74fd9ab,230,2020-11-21 12:00:55,14299.060369,1,2,small_multi_2_6,Ae2tdPwUPEZAg6apVt9oqChYD1wmZY79ZGE625fBsuWfYduwRaPQfyA7sth|Ae2tdPwUPEZFsb56VPFrfkuMsJKrLtbJiaqsjDqVVJZvFGRVRJvznUPJdbr
26e476d9c70b9a10a5a0b0aefec17ab2f4b1b06ccc4bededef997a0b6702f7fd,230,2020-11-21 15:11:40,174196.466505,1,6,small_multi_2_6,Ae2tdPwUPEZ2nd2UP77e4N6pGHePKrcHKB5JeCEjNhyxyRwpFzwYmsb1awx|Ae2tdPwUPEZ4DPHJHYyNqRHUVhpRk8GuPPtGmNPeXLko41ceDk45v8yC5yo|Ae2tdPwUPEZFMB6hktFHcFtFAwzuMAdhsaZ4UEw9Nony8fA1SA1thQDee8V|Ae2tdPwUPEZKuBVeobUyfack2uPwxwjJtrT6SNxk42jeEKcX9zC1oNWKi3n|Ae2tdPwUPEZMR3VCky6TJZ8dGmYJoVhNgQ5QwCJhaFwPn9Eq4m3MXDFH2sn
f123ac291eb8c06df86db3b0545fe3522de9ca339d17cc2c533e6c1f9f51557f,230,2020-11-21 17:21:50,1523.370775,1,1,single_feeder_lt10k,Ae2tdPwUPEZ5Qi9QEDJ3vHcddRYYE3kzRzYTrYUAxwMLb92oHaGvSLuCk8C
6ad982abc6b5bc4a7fc2944554d961bec05668775ed7aad6382bb3185d67220f,231,2020-11-22 08:52:18,998.797119,1,1,single_feeder_lt10k,Ae2tdPwUPEZFM8nYPvBrbyWxRMgfvNGN96NfApohcgT7yipKvyi194J2voG
090cc4a61eed31f5b1c0633eb1aec80c4fae61e14a5b60260a55d0dc73704d99,231,2020-11-22 10:22:20,7442.475595,1,2,small_multi_2_6,Ae2tdPwUPEYyaUL5xp6BsVAKXsMe5KRrzcquMdsiyKSrtL6epHN51KvqPwq|Ae2tdPwUPEZ66a4kcgFZzpH5mJv86Pc36X3gyqQF7FpFBAZnbf72D4GTdBE
005223782e357056a2206e2407742cc96d9394c1bc180ad2b26991c44288dcf9,231,2020-11-22 15:12:28,20248.593212,1,2,small_multi_2_6,Ae2tdPwUPEZ55btRzKPqgEt2ErMBMVuHFvpQBqFSAharStVEMAub9P9RfqV|Ae2tdPwUPEZJ3gBvN7kbYb1voVxT4seKuG429Bb9uNjSgiJS5FZ81go91Co
4735b11b7df095ba77b38096568bf848b86a4caf8b876f69d2d564b190473085,231,2020-11-22 19:43:00,14.797119,1,1,single_feeder_lt10k,Ae2tdPwUPEZHKKqFKRDqpZk81ibNbxS3iMK4DEzAvP1jXaS6pHQdevhPr4G
52db9f5e5b99676d44e268b05009e1f9302ad5d134a5004f3f06feb7d38477f2,231,2020-11-22 21:33:25,511.117562,1,1,single_feeder_lt10k,Ae2tdPwUPEZAvHBUrbyutLGqteUNtUhM8vVdwkyrWGtEUpjgzsQo3dhKrTd
2983cc1bb9e7365da72a33e132df9dd1aa882fe2ad25a23ba0918a1fea1ce2c9,231,2020-11-23 15:24:00,31492.596519,1,1,single_feeder,Ae2tdPwUPEZGcX3sVnrjruaNrtWcmgLDCy27JTKWwGvGrUcDb5ZQ4j51FVP
b6ef53f17cadc812815a274545e5a1be3e0d95e7639483fd9a45d6b191507b0d,231,2020-11-23 19:44:22,15204.929385,1,1,single_feeder,Ae2tdPwUPEZKXkZ4dATfxJW1TFhZ7HFRz1tTA9nAZweQz2AAu7mBhnSVj7M
171af3d943031167d5522b526d79f060d1d304d550b273d339108d6fc096dabe,231,2020-11-24 06:04:50,10954.796519,1,1,single_feeder,Ae2tdPwUPEZFdWbWScWowq1XeEYGqjX5Zie4Sgr7YfWC3NMdJGwUX53mBBe
4fea13fb075c5b3d3cac2d11d7e4da7df4c498a5e819c502ad319e28a8d80779,231,2020-11-24 18:35:48,6740.397825,1,2,small_multi_2_6,Ae2tdPwUPEZ2sZt65iPUcPyXB5c6ZifnA7pd9gDRAdceVrGigY5XAaBNdKz|Ae2tdPwUPEZGwzg6yxSE7K1ZzqU8WPKDao3fKgYtQ5xKcufrKws3ZKmhbeJ
bfab3727e8dd284163f0bc0d70701cea0476645fe41ff0c138a1c0bd4badbf70,231,2020-11-24 22:06:03,288.632519,1,1,single_feeder_lt10k,Ae2tdPwUPEZ6h1WxsPkCipM5JkyHMH4evWbLApveueNKgJMtkbXJRJsmvdW
2c08a9682dab198550e42611aba700e76ed064d2f4cea971616cf0954fce2538,231,2020-11-25 01:46:30,175.304265,1,1,single_feeder_lt10k,Ae2tdPwUPEZFoPKm7dTnj5vLfVvhWwmdfe1HPrLdXFig3ivhSG1vw91Sac5
02435d906548819b0437faec73fc3765e5b3d0a254ab39d23c164e5e86b6943f,231,2020-11-25 10:25:48,31.701119,1,1,single_feeder_lt10k,Ae2tdPwUPEZHDH5bz7X4RckZqpxqqX3wUsHgspNo7jXrHUiRMJzvKe3DGXM
73d083333d88acc10ee26528cac67b39da1d8e623fd71b23c634c8e8bbf5b88d,232,2020-11-27 05:21:09,1627.998569,1,2,small_multi_2_6,Ae2tdPwUPEYzy23r5VAVP4FN4WAVqwX9smRyUUVz1uaBwtusWNBpYmJwhGU|Ae2tdPwUPEZHkEYx3V6MabtuazFYFyCuYEVFQDBMVFUTbLsktWcNpQGtWKu
c598c2f6fe1ecf65a9f1cb11b46cca860a5b64693a2b76062515544295d06c87,232,2020-11-27 09:11:27,61951.887650,1,2,small_multi_2_6,Ae2tdPwUPEYzWBFYpfRK7tEm5orbJNWmv1BvWPLchbiteeDGisjUkDxyDJB|Ae2tdPwUPEZGjQfYsqsNAiv8T3HxYevVngEvURnDZY5BLt9X2F3T6a9YMU7
aed8e2d6730d23fc50c8982b3db7f40d6b00ce724929ff46979262547a7a101e,232,2020-11-27 17:32:35,1000.797118,1,1,single_feeder_lt10k,Ae2tdPwUPEZ9VnNV6WjrjWBLtWt8N26GhCHKtqvCCfUsycMMLHbYduQAeyw
75224658f5a49176b5ac4b23b2bdd2d7590cc4974f1eade01aced8038be33f97,232,2020-11-27 20:33:47,18818.513268,1,3,small_multi_2_6,Ae2tdPwUPEZ7QN4ov44RKsgFi62PBrKAT9P3FRjgG9xrYNNcCpLWUoyX7jn|Ae2tdPwUPEZAsz4JMKmNGHHAfaW3H8dgg5UofPsSLwCcExGDxMEEjVpB2Qp|Ae2tdPwUPEZNFusBAbGdqk4dt8oz7P8BZFVY51zDaf8vvGPFvLTLpHTkmtz
333545ede54dda8d47637f06ba4334e0d1ba3e1f98eb433ccc39b40ac193818d,232,2020-11-28 08:27:21,208.087619,1,1,single_feeder_lt10k,Ae2tdPwUPEZCnA4nQ49uJPspc7jDWWobTs5V4hCcbeCwDQAG5nXkdyorByz
0313ba62ef5cd4d6a665d33dbbbaf650afcce409455f481f05e64a271851fef0,232,2020-11-28 18:20:41,126747.442726,1,1,single_feeder,Ae2tdPwUPEZMSvwf8zCMMSoHWUUNStF9tMwf7nzkba3dtwFYygP31pxQffm
7cc1f73583373a937a621d9ae48963b3360efbe3491caa1859f8bfbdc9418949,232,2020-11-29 08:53:49,4998.796519,1,1,single_feeder_lt10k,Ae2tdPwUPEYykzFnq6h1wryBRU9cYpaX5NSgo4YtaX7HDPKqSFYT88KBe3f
b8b26060c05a9a65c36eef48b98ab9f5993cd05e8dd7dc126f184d1564f201f0,232,2020-11-29 09:23:49,4998.796519,1,1,single_feeder_lt10k,Ae2tdPwUPEYykzFnq6h1wryBRU9cYpaX5NSgo4YtaX7HDPKqSFYT88KBe3f
a70e50bde2900a3dc8b638e7f332cc88a7ee043ad399c8e33235179880dff27b,232,2020-11-29 13:14:49,1689.203019,1,1,single_feeder_lt10k,Ae2tdPwUPEZL1w265YcpYZ6jPx48d4QbSZSV1pkAjvBKwTHMc8JPyRgPwTd
8f46b6f668a237da1299a632c40d9184c4c556b88edcb6251c0b86969795febc,232,2020-11-29 17:59:01,975.145119,1,1,single_feeder_lt10k,Ae2tdPwUPEZ5LiLxvyVZm8h32B1wH82VqAqYNjhmRqLMBGth6WGSs1veRnc
a51c892af02b43e9ed357fb49f2630ab1f98c3bae4ab7d4c7dcfb1e617f32020,232,2020-11-29 23:20:59,795.697119,1,1,single_feeder_lt10k,Ae2tdPwUPEZCxyd2cJZTSHekfNLSqvBR1drZuDrz8Soa5jeWSVUkHdibWcT
bffa288d1981f36df7078b863e5c7baf6a81b6bb26ffcd58b5860609c3014a46,232,2020-11-30 02:42:21,1915.558913,1,1,single_feeder_lt10k,Ae2tdPwUPEZ235ZkPRiLDBrMFTS5zKvCbQBw9gxQZQLWMBno4ey2kx1D3KX
26d972c7a44751f1ed8fe74ec40e1ee4ea024d8088c7b900ab1bc9b779d0eac5,232,2020-11-30 03:12:21,6353.833976,1,1,single_feeder_lt10k,Ae2tdPwUPEZLGvrj6aqRNUkzA1zrj8BYbxLjYz3vTC2V6U3YZ6GgWT7HBWN
fc13d20cd6cb4bb71b3d6aeb80a3eb4b36b645a0f842afe0f89846a98bca983e,232,2020-11-30 11:36:59,121.674118,1,1,single_feeder_lt10k,Ae2tdPwUPEZLbM5bnEkjmREFJtC9WedtDh8yp5hGx61W2pZWWUKBUmRS2we
249639356ab7a83b372492661522ded4df80e8de399271fa1934c7a2f2e77f27,232,2020-11-30 14:37:20,4640.579986,1,2,small_multi_2_6,Ae2tdPwUPEZ8btgRHT39gVAecEHQ6i6cVK7uQh3DFEx8KD1V5mZmCsJXkxg|Ae2tdPwUPEZM3WBegqSo3FDnE6ZUCxpddWY8SicdrM5GH1YjG9gYVajWHXd
2be65db51bdeab0cc89bea4fe46f46288935cbad76fac0da077ad22bc25c5d7a,232,2020-12-01 10:43:44,899.797119,1,1,single_feeder_lt10k,Ae2tdPwUPEZHUvfEozCGYwQxSCN6725aQvZ1anReo4ZxaiQEb5nSaPLWTcR
afbf205a182957e004921efd3f5fcdf2b14ce0d9bef4f6335cd26ab803260f9c,232,2020-12-01 12:33:52,16219.796519,1,1,single_feeder,Ae2tdPwUPEZFweDSgjvcER6bMZTUr619MxDf4m1NjYpJ4Lzoqefiz2qxbsg
0762bb8f16eaea7454f9fedfca8d383a8d8585e26b19413c2af06b9de9288858,232,2020-12-01 17:44:01,2407.053592,1,3,small_multi_2_6,Ae2tdPwUPEYwLZKvyrkLADms9BPHhw76922C2B65WJj7AFtNSp5HRmwrcGP|Ae2tdPwUPEYz75JtVFy6zQere4fwJyMHqLz9wmnG5uBskHUxQZ1SSuPuLus|Ae2tdPwUPEYzcxYm6ssjTCBJB8uMhGWVwxtnF7FGhx4aUxxEpXFna1WAte1
5e0bd950a2ca59e6ee48c647b7f7c4c25eb051c070b665be6adb837e2544d8ee,232,2020-12-01 19:54:09,41665.496519,1,1,single_feeder,Ae2tdPwUPEZKcWWSLT5Dn63iYTyQkq87NBKLqmqfrkrVVi5oCzfTcvQr7GY
496253f9252b61066a19047d22925464918f81a73e912c604ea3842228f75169,233,2020-12-02 00:44:40,4699.064569,1,2,small_multi_2_6,Ae2tdPwUPEZ1AWB9hA2K6zWzGqNq8MCc8ajjqDWvzaF9Rcq9WNrPddTQV4P|Ae2tdPwUPEZGYEKMKrLtrP1TvzzprceuD9c89MtQn22Y4dMNHygwiGWhMbQ
d751aa417af605f37eb744558024211f6e48d0ab4208fa8a1e2e12d5fa712de9,233,2020-12-02 08:55:01,2499.797119,1,1,single_feeder_lt10k,Ae2tdPwUPEZ8FefsBh1Vb4yExUDCnKWycmDjyFY5LCqq9jKpuVhxBHEaHJW
618eb98e7525d15d86d6089b5bf33b385d70c7ad88a57f565759b859c047546f,233,2020-12-02 18:45:22,240.202190,1,1,single_feeder_lt10k,Ae2tdPwUPEZ9K7NKsx6wJasfY6NETw1pgVouPF9NDP5H6gmHpkymMGMQYH1
12984cc8609db0082eec861c60612f2fc8f29bf231a51c24d1a1903a715a2634,233,2020-12-02 20:45:33,2324.209544,1,1,single_feeder_lt10k,Ae2tdPwUPEZMLSceWibVC9AVV7PNDULMdjWx8ANy97UxMZQm6oH4qcHunL7
259feb6672fc97c9ac1ba4d20337d8bc6ed0e56b871894089029b25d05b69bae,233,2020-12-02 22:45:43,892.497119,1,1,single_feeder_lt10k,Ae2tdPwUPEZ979tXN3ktNdAdvvAcxDQKPCgQbyTbsNZNPig5CeiWycPCfzK
e0e5369be30b279123aa6c7fd01ca98795d6d6c2f7f9799c6f9b424a56f5fe52,233,2020-12-03 01:15:43,1340.428269,1,2,small_multi_2_6,Ae2tdPwUPEZ9HpiaSEr4mms75Jq9og2H8ghozCUzaa5iVzYLR5JUpakoXoP|Ae2tdPwUPEZAADHwb8CVkTADyTiZhQgygKna4Sn3NH8PuSJgyxxDKVzXtVG
b9f1472f4c2da345e775ac4e06c96f78367743053fe1de1c5031f1b9eb82bcf0,233,2020-12-03 16:16:36,69.455777,1,1,single_feeder_lt10k,Ae2tdPwUPEZ9Dih8rs8KsViRcuuzt7jaegm328k4gbDvfiSs7o2ykN592nu
dc21023b4c7cf9da9a9255e868f24de3730aa97ed01d5f2154c1be16c49423b4,233,2020-12-03 16:26:37,903.046169,1,2,small_multi_2_6,Ae2tdPwUPEYzhqo5ptbcmLygEp3zzB2GfKYazT2gyX24HfkoKZt9ssN3y7U|Ae2tdPwUPEZBd5GguD2nFKahMBQFTJxzkGwnxrwakB26pohVP87exvWtBWx
eba95a0c21b3f421eb663f6cf789ed7a6c486e136a5b571bee3895be9c1be963,233,2020-12-04 02:06:57,19861.717876,1,2,small_multi_2_6,Ae2tdPwUPEZ4PQJzaZTHL3mVtXzTGqhkfYcqq4tUYM7DSbaPT7oZxyNxQ48|Ae2tdPwUPEZLjZNH6bEC5bENA9Rh72MQ2LbWME5CgzXtidCMMgdRS3iC6Za
90cf6225ef8bb8c6946f5733fa063f631af694335a509650e0073f7a7e36bb4c,233,2020-12-04 05:26:57,1446.244000,1,1,single_feeder_lt10k,Ae2tdPwUPEYyAkhbbnhFUqnqaXHyMZeLyuLdM4nwuEniMDyzyjPABZezMqt
f393a4d21f3baf1508a9d0448068798b4c8e89bdcd20ae326b231f40365e35a2,233,2020-12-04 11:37:41,61243.396519,1,1,single_feeder,Ae2tdPwUPEZEv45VBiU6D9NDkMCgUnRAGTyRLNtHrDrtYJ9MxToyn3mz2PJ
4d4c2c95c00d51b770615873b5bb1f2dd2ce836519150d0751b328a6d356144a,233,2020-12-04 21:18:04,17.797119,1,1,single_feeder_lt10k,Ae2tdPwUPEZDYuwtxZQmrVeVzxN5NgXGRGcsceQYoPzcU1JExBAoTPqEkCo
769c8c44a0138441630b207cecdc616e32ec30223c2a97ca29505769461e0fb4,233,2020-12-05 09:58:49,658.137119,1,1,single_feeder_lt10k,Ae2tdPwUPEZNCj8AikhEGZqtQt4KqtyLNRaGfNCszTU1dKjWgdWdkLM7L5G
b924fc75996e273b8628098ddbfe451488d01227c424211e7135db2ac71eee89,233,2020-12-05 12:38:53,33.597119,1,1,single_feeder_lt10k,Ae2tdPwUPEZKA5pbSpvizexB8b8t27uQbDTJLffNWHjLLo1NJg5nbHem8m8
efc7cc2b2908b78fb08637eb1d728ca0520277cb52e5ec357f77090c5f6f36fd,233,2020-12-05 22:59:03,99.414319,1,1,single_feeder_lt10k,Ae2tdPwUPEYyJ6QsLQwJQ9miPemzkYY4Wgqt2a98favdjw4twz4gAN1n415
7e22448df637dc1f6a922832adc64d51b122150f715b8771551cff0211fc0353,233,2020-12-06 06:29:33,445.207819,1,3,small_multi_2_6,Ae2tdPwUPEZ2sjT3Hju7WWofxyDk4U8xuvjDQqS1GQMphqusBZbjQvDLTr3|Ae2tdPwUPEZAmakMPrM1r3nG43mh98vF4kB7X7XsfddPSUR3kZGxXdTedJz|Ae2tdPwUPEZJ55qEchtjsV4CECkTMU3jafJQSNVW2p8ToQh4wdgXebcHbXE
d7e96f841a0a7e7bd8542942a01b0ceaa12bfaea827b758c283fd78516ae7700,233,2020-12-06 14:07:33,659.136119,1,1,single_feeder_lt10k,Ae2tdPwUPEZHvfZ3Q1z6JpUKsMsKQWiEt26STSi7cja56DP9xb6ABEBBvzd
d9d4bbf01aa9828c45f84286c735b5168c2506f2d4062215f9dc177993d7d248,233,2020-12-06 20:18:00,3268.463194,1,2,small_multi_2_6,Ae2tdPwUPEZ7YkdCAuvwLD3zrTPPHfgzdeJAgqLvcf3r3WMFh72jSa88tYL|Ae2tdPwUPEZFMB6hktFHcFtFAwzuMAdhsaZ4UEw9Nony8fA1SA1thQDee8V
a2a2755966c35125ab2c905053f81d1d6be6f3682a2a571dedb36c9d9a058a02,234,2020-12-07 15:59:21,509.797119,1,1,single_feeder_lt10k,Ae2tdPwUPEZEQdTyDyARX3otiqbnddja7m5wvSXDHPtWxBARBYHU9iLMtyw
d923e3623ab12fa28eb413be16087031aeb63a5e810a1e44377ad3bff7322405,234,2020-12-07 20:39:11,372.423119,1,1,single_feeder_lt10k,Ae2tdPwUPEZKwGqjHz5Forykc21jwBqTVi8Nf4vqqAou2kEYyPZPf8niZf9
497864baf2d819f22ef5226732a1705172289e5c33c9a62ee1fbfe18df8c5e66,234,2020-12-08 22:55:53,17037.149466,1,8,mid_multi_8_13,Ae2tdPwUPEYxePTokce61MX8BvAQfve7morfW3RU3U6FtnmzUwRXg1e113b|Ae2tdPwUPEZ1epfWQJ332LY6LQRfsY7F5juTJB4TjwpKgowvW9BkGUqhpu6|Ae2tdPwUPEZ66DLwengVjaQAGreqAbgZHadMFFZ2L15nx1B3RucELVXWB5u|Ae2tdPwUPEZGqqzcYnP3gPemvugL3Bd5rigf94UmHGohhTFvuuFMyevSryG|Ae2tdPwUPEZHR9YT77LWFbB7uG99d8DCVNHmNi7JDcPxXkNQkunu5pY2AoF
d87bccac336dbbae65d12e349b3ea5ca60214c4b0d7c3e1228c38afc90961ecd,236,2020-12-17 13:43:11,68646.705979,1,3,small_multi_2_6,Ae2tdPwUPEYwcmLLbd41C5HNxi7n8ZXhLqickQh5eQLscS5LmcySJibsv8k|Ae2tdPwUPEZ9kD9pCAKd6uTGLGypua1hBuV6qbLHipYVryGbjBbhKiQS1TT|Ae2tdPwUPEZ9qXf4Db48Mx3uFj34NT4bLSjFoofeb9dmbYaY8EuWuv5YXEG
198c3893fe6b5a58dea8cc707085e595cca1984de9532e450fd0d28f0b7a014b,236,2020-12-17 20:13:48,173757.559520,1,1,single_feeder,Ae2tdPwUPEYzeT2ntzT5nPz2tgwwuBVo5CpW6v3MdZupx9CuXZcCFiTTtLz
b284877a3aa6a6d792cf6b16ca2f3af6abc584ad4a49a285ccb203c4e454b8b4,236,2020-12-18 01:24:50,24420.216862,1,5,small_multi_2_6,Ae2tdPwUPEYwu4imT9XQTJxBc2i68NJotA8YjMPkzU9icA1tpEeGpv8H8z9|Ae2tdPwUPEZ5yc72Cxsmd5Qqq2LRdizohDqQnoa4QKYqjLrdiJLfACS6uyw|Ae2tdPwUPEZ6hBpjCB6JJ8eRq2iqwjBXjMGJ1aWq1ZMsc94LpMrMVAPwDFV|Ae2tdPwUPEZBD5fWqQCGSERGDBrRtMjsym24jnww5ZadfDLNmN8naMTt3AX|Ae2tdPwUPEZBoiEFb47m8oL3J9utdsACB2BHmQFazRBs3KEMueP9u8VkMLL
abc42eddcb40b92eaf142b5a7af40b441ae37af97f1ad8de084c338d302bc780,236,2020-12-19 04:50:03,48475.219819,1,5,small_multi_2_6,Ae2tdPwUPEZ8b5t2jHvpXwZegPYLBCh7kXNoLfoFtwRyHPuFBPbfjCALmhx|Ae2tdPwUPEZDhXhh6ed2NDk1cEJLUJZHvWL16cbXeQdSh5UQbf6TN7Z2uGG|Ae2tdPwUPEZHrTDNiCgei1KRnvRTozSG9Z1cJm9DxPzmihKFC5XkpnXrQLC|Ae2tdPwUPEZL3RWXm2jKUg6D61nHFAR24gbBpFzp65S2D7jvYwsQ2Shiwqc|Ae2tdPwUPEZLKZS22if7pSP76yCJvdtQYghVWJg21MLtS7K2oRCRdgeV8pP
62263dc45e3a72c0472d9dd30ad37a28a79aa903f92400e8bcc96126dd535bc9,237,2020-12-21 22:44:37,101407.816644,1,2,small_multi_2_6,Ae2tdPwUPEZBmcBx9VPq2NjhEekzk2Az9kanmD6zz4yBQsgVv4kEwe9sEbP|Ae2tdPwUPEZDCoSy8uhe3aLLmpf8rnNd95LMTHrMR9P5nJh5btwo4UNg5Ru
8b329cd6d9dd045f89f27bc0eef9949dcfe0909503bff2e504986b9f3de68b0b,237,2020-12-25 12:42:29,17507.901169,1,4,small_multi_2_6,Ae2tdPwUPEYyGbMGZfmWPb1rHLvTQTNE7X9fJPKb56kTHUEYGoLezhjnd6v|Ae2tdPwUPEZ52TbPxH3wmv5zuezayyWg3oiuXhZsK31ywVfYC6NGXWpxZ6F|Ae2tdPwUPEZ9hdJqvK2RXmaVGr6jXgAuVehJXXmeMNmZoFBjtbf4oD1FZXw|Ae2tdPwUPEZAeNvCkEVGPTet6R2C9yKVW1cYB4sYuyscWCWricsh1TdwMdp
7d9838b447af5cbf0e9f4143609732f78405797c51067f46d7667f51d83830e9,237,2020-12-25 13:52:45,15306.202573,1,3,small_multi_2_6,Ae2tdPwUPEZ2y7WRx96Cr28WmsfVhtjtfMeV47DL9kLDjgw1CoJoLaaxcSn|Ae2tdPwUPEZLu6nUQMYZPJv8TW4QKmn2RMwoaCEZWuUFokYPCnxa3jfAPRV|Ae2tdPwUPEZMeLjGTgXfPms2MT79B5JaAj84FuGPLf5TUEPcutQJntq4fcH
577d7f94f4c095275522e47a7012271d318bebdc252af8b54dd3a3541c14e325,237,2020-12-26 06:25:45,80155.049717,1,6,small_multi_2_6,Ae2tdPwUPEYvrDiv9YhgawYDEt1sRwCaNHBqq1GrDSow4tAJPAZC6ir5N3W|Ae2tdPwUPEZ2R44qo1xaY35Ysm9j5mGp5F5qpSYx2msXjyyyzSdpm18TXmM|Ae2tdPwUPEZ2iVNHm6aBftDmdFyeoTUM48UuznCj8wXhzzDd278zDxqh2et|Ae2tdPwUPEZ6o4Yw1xq8Yja6CauAMCvzaDbDWUoJRx3WwGsZjHWKPp9gQ3o|Ae2tdPwUPEZBCDURkLKYupsNesGoPjfSVwqguH3NdqipuJuv3QqT5qfuZH7
6c3a275c873adfe1df38cfacf7326b0cba39d1459f16722d501aca56cf24c687,237,2020-12-26 21:28:53,17694.894291,1,2,small_multi_2_6,Ae2tdPwUPEZ2YBTKS42zsRQ9x4AtBxvF9h6e1xA4h4HhrZZGQczevvs3k91|Ae2tdPwUPEZCQyX8yhPxiYrHLGbZzc9sfZn3PgypN2TpUqTRmo3BYCRhSdi
68d87990fccee0351d8027ccdb1075d70130737da350dee75a5f44d93ede006b,238,2020-12-27 14:53:19,36711.790033,1,8,mid_multi_8_13,Ae2tdPwUPEYy9i3jwmXpnoBpE7y4s86rxLpxeecaB43YJyqRTweBroo6ZiL|Ae2tdPwUPEZ56qnbFRst2DbRQff5EEFocmkzieJEwtvSWaDvBJL1WoVkros|Ae2tdPwUPEZ6xQYMmkmfctenb3n8ejVDaCXLKPU5eKyPcLv24XCy152H9c2|Ae2tdPwUPEZ8gah3jMsBDFiQHFLK5Sm646b48rjgozKL6iEaXwkA4vgQAVN|Ae2tdPwUPEZ9xDJdjSMU9pZHVYBgqpGCrKnEBGLZvsAr8UD8KhXhN7eYsHY
33443a340d0f844afff74c09af51ee5e7629739890f739b936a8a80e980b849d,238,2020-12-29 01:18:30,60999.770569,1,2,small_multi_2_6,Ae2tdPwUPEYzeT2ntzT5nPz2tgwwuBVo5CpW6v3MdZupx9CuXZcCFiTTtLz|Ae2tdPwUPEZ7EnYfF91AdDyjtxxz1vwcNSVxheFtghKMokuhRRUCNCXHGMZ
85a46a0648d237e32a49e595232856ed4b9d2bfa4e51bc37c83525b521e6e38c,238,2020-12-29 08:39:00,23100.115807,1,6,small_multi_2_6,Ae2tdPwUPEZ2Q88sPpFL2ZdDEYZyusCidnEJbXw9KvoAQksoJBr4RS9sXXw|Ae2tdPwUPEZ3s3Wyb3CwLrKmi3Xbji9gaAWzTSk3dtpmsNjJBiYq76xs4xm|Ae2tdPwUPEZB1fEAbDProvRkYZz2svtD7HyPtP76s8E7fGxxmJL68EsfaSi|Ae2tdPwUPEZDdbjdwWMRr1sXSmC1akXAUiQp7hn35ue96AezywTAkhyZX7m|Ae2tdPwUPEZE8GhUnEobD9KbfUfAqF4tLRMtUZ1rQf484kYZ4Hc6cNod2Xo
8c77ca85c491530e911848b282c11130019761c323ba13781f42bae93660f0e8,238,2020-12-29 11:29:36,120080.369430,1,6,small_multi_2_6,Ae2tdPwUPEZ3YqeDqWgzS9tNoTJZmAYWou12B3rr5PPph3ysn1a8BjK9dxk|Ae2tdPwUPEZ8Xt5prhcxJSRziG7KqDgi8yxMey9KerfrMfMe9AQVYQFzKF2|Ae2tdPwUPEZAZ1zneyrNfijnMurQDQmuFXwGintkL4AMJQ2vTv3AEdJLDcf|Ae2tdPwUPEZBFBQVHyo68k4JYggPPMraLn6MY1mQu4xjNFkpeNPfBqkCanY|Ae2tdPwUPEZCDTiGudZxpokvfRYYQ88ar6pZggDMrgH8MepJL8yFjaK7ntc
b16ffdf0b54e79f5bb91d2de919a446195cfc75f938bfe0649e0cd4c5e1c3fa0,238,2020-12-29 13:19:26,23133.240460,1,5,small_multi_2_6,Ae2tdPwUPEYxayrFpLTdKFGXGJKrQfqm2nRLkvFYJAhP78Cm9wbBsW6LsNP|Ae2tdPwUPEZ7WLbS1oAqZh7NX8tyvcunPXv8NjgPnPuFqzdsBs8jbcoYkGb|Ae2tdPwUPEZEDRN8zR7UnbewQ66vfuTkNVLTECm5Hr1V2Ji8ZyM132zmprv|Ae2tdPwUPEZFLFNerc6R4mGwmB4DiSzSpqgdUBQTegsdowYR3vh5KCQ23AD|Ae2tdPwUPEZKnJRZr7egDxiKRdxbE91QZetyZeVqH87wRvLoSjqeBCxcoQF
f0d388d6ace11223567d4bbf5fa02c5835164588c62785029160da45b1414309,238,2020-12-29 17:50:16,79938.319433,1,8,mid_multi_8_13,Ae2tdPwUPEZ39eGwkhzVKxhEJ517YfDjaHPRTFEjyzHUmvPqDzdZK4YXexX|Ae2tdPwUPEZ3nqiCSLiUFctgCbyscxbf7PqYY9Px7PwV5Ny6t5YHrcMcvAH|Ae2tdPwUPEZBduFaShxU3uGrHo2zSHjcZrRHsehsVG4JsPrrArN4Z76s4Y9|Ae2tdPwUPEZFDukLT7zn2d3MeU5rU9EpJsc8tiCBrBn5qAJzdSVUBagEgZR|Ae2tdPwUPEZFQ5gXDsCYW5zF6nYo6vAcH6J58XCanrbyd8Ekf3sDCiYsYHS
c90cff8f933e4fc6fec3d50615074bb03e30080b435788dc3932e7a1d9d4e174,238,2020-12-29 20:51:17,25189.288375,1,6,small_multi_2_6,Ae2tdPwUPEYxjjuW4tqXAZBLetahgdVKEaSWPJLbaPqr23LmNDoH8vdhWcn|Ae2tdPwUPEYyzcsKuHr33FvBjyrRzXTLDzKAz6R7pW7TVJidkmo1mXLfxed|Ae2tdPwUPEZ6scrTcBUVoFuRnmu7Soj9hc84n1VtGpR4rRbgM8tfy6UsgEJ|Ae2tdPwUPEZ98AvrcHpBX6uay2aTimAFfUZJudFdEXCKVLngEJgStDDPwaK|Ae2tdPwUPEZLLxfNSTBis51EvqGyWV23GFkLwMdiG1JHpttCGxDLC44ffzt
b97c84e2484ddc615bc3ec19396a0c4235e7a444a7fdec6aba9dbb178544b205,239,2021-01-01 11:49:28,15995.396519,1,1,single_feeder,Ae2tdPwUPEZMkDayQxi829dBxbUcmjUZSYyj2iXGvXKW7rY6mDcqYyocB4v
b59810a194f295507ef503b61dc9aef227fad3436160764e42edac27050fd1c4,239,2021-01-01 16:21:01,39999.796519,1,1,single_feeder,Ae2tdPwUPEYy28evDF3rhyKqEyCw1BYVCKPwdGeWf285hm4SSoJ1CcrQyh4
63d945775f4fd77ac7029a6511781d88b35d9bd1883afc5a586fb9e557067ef1,239,2021-01-01 21:32:58,24064.780519,1,4,small_multi_2_6,Ae2tdPwUPEZHKGSQxJjUrLVNUfASpMAMhF88KvXMtj4VjVAMcfuXLfMpvCC|Ae2tdPwUPEZHn9YyZZeZiFcongahzUuA37ZiSGLDLeJPAUreHAPhYyexqKU|Ae2tdPwUPEZKorkDwCjBBRu3E9ZHaeYymDoah92Y8zncK1b5KKnnftfT3o1|Ae2tdPwUPEZMbXXeVdQP5m6QtczSyo1pu463SiqRfBav9zYSboxoJoscdQr
d517c4d860badd0314f83e8875c4167e432c625693b46fa854665ff0312dbbf1,239,2021-01-02 11:50:46,88761.022398,1,11,mid_multi_8_13,Ae2tdPwUPEYyEhKYNXQMXMdANsskoeVdkgZyBcp9ZiWxp3HH4hL7zhNKjKW|Ae2tdPwUPEZ3JnqBpVGP4iKJoEFiP5yk3Mzxo39QBe7ThqpuLcBPGXxv4mu|Ae2tdPwUPEZ3uWY3sVvFpe8BtfYESZQpWnPB7tQHtcsvEzHzbYukWK3SjbG|Ae2tdPwUPEZ4KFTAhUok7mu9ai61C1i6viyjSCmS5TiJq4abURnDDTgwNay|Ae2tdPwUPEZ8XWgmvpsiPTUtfeGeCYQ74UM36FAMhKJewd6wrPuG2kaQFLw
0e924259ef36534ea8c89b4f4f2308e97cb537240ce3a41e8632219035fa5a2f,239,2021-01-02 16:01:38,44704.888359,1,5,small_multi_2_6,Ae2tdPwUPEZ2RCUKWfpyvcKeXAqr9KDVZALvmdQ3cPwU1AgpHovHPZnZsHs|Ae2tdPwUPEZ8vdeiyRAGvfPusf66WmwPhbnSAcUCCWMyMGP6f3G186eFz2B|Ae2tdPwUPEZAKvccXuA9ALL1g8WGgBZvmaTtHVyLoAivzirrrTXr8cCgzBU|Ae2tdPwUPEZAPaxmKiXv7MkZCkHTpzQaZzXQ5tPgyeJTefQnYCbYxATnMXD|Ae2tdPwUPEZMjKhmVuRSAWu2gSFdfAUH1RSf4cvbuMjS9Lr5YRdg8zPrwvB
5bc7a4a68e3a7e22d8ecc1de771b3dc7f6c035d3d57b74bc508073d49525784c,239,2021-01-02 21:55:28,78454.821584,1,4,small_multi_2_6,Ae2tdPwUPEZ9TZWVjPgBH6Mz23dGFCNVVpg8m4APKcZEVBMN9LpmWG9u7s3|Ae2tdPwUPEZDpc9Zy1kqCmdkndZ8sbCn4sSgeG46VbCMr8EGwaDKpawDVpp|Ae2tdPwUPEZEjjUYY7cdEb7fvzrDSHPjnkA2fcgPNHZ8VnbqyPM2BmmVKJG|Ae2tdPwUPEZLiygvy8dgZXzYb3D3GXoNiF1mZpiZgPJGmtetzY7uN4wEd2k
86f80a52da9c5e95e74c3b840a80abaa2ca66d0464610f855205487daf3383c1,239,2021-01-03 05:28:36,17192.241256,1,2,small_multi_2_6,Ae2tdPwUPEZ9NJfTjDSupZvykHR5ykYrgHxzT4C6atPWp2oXCZAgWb6E6F6|Ae2tdPwUPEZAh2pWcHt2xNcPD4yP12kQk29jcG2NFSmATbGF6gVqzDXwWyS
75627cf73349b6e8152c348973a547c9c12866d2b4f48620d846449fe40fb947,239,2021-01-03 09:09:36,110680.138853,1,8,mid_multi_8_13,Ae2tdPwUPEYwjwfwfdQzCcJG6GQdN4qJJMXTDSzn5r2DPYrDb7fPVrpNyvJ|Ae2tdPwUPEYyggYicDauGqAJqJPbEqfj9dNfKY7733UtnAfJT374963CyPa|Ae2tdPwUPEZ3eJRUodsUG5f9ie1K7F7B4WR3ndaYU8iPNnGQNdy8VHcepzr|Ae2tdPwUPEZ4SeEMv9EpksfudR75tKAzZX3hDyq3xeicwxZdgejhV7cTy4S|Ae2tdPwUPEZ4VET1M2f1eAxivECvScjiiF3b1GH9GV7vVF3ZK9yyGZUvLw1
e2ac991d96e946679ae8b28cb2813a7e732185bfa059a37c3824dc74f9ae8ce0,239,2021-01-03 14:53:11,21061.807880,1,5,small_multi_2_6,Ae2tdPwUPEZ5JTQb3AYAmosXXix47WTi4sZ7L1uea4qcXoVmSvwCfNraCAx|Ae2tdPwUPEZ9sVYDvcxJvc6e1LvbqWmJWXkFKaS4KpXuwj9xqC7YLakEj8N|Ae2tdPwUPEZABgnm6Vbw9oEssVTaU41oPRQ83u2rNUsNx47ETwo2ppKthyr|Ae2tdPwUPEZCLKPvnA18WXUFN1cST8QTXrgRnnoP6zJnKu91D2HXHCxNFmU|Ae2tdPwUPEZDmytncZoRWe7HsGCTuE3gX3QP5PtQr6Z17tQsqmtxL7o54gZ
402b97dcd3d570bf7114508065b61ac1f189c19daeff9d3950e6339e107a92d6,239,2021-01-03 16:22:46,604402.534607,1,3,small_multi_2_6,Ae2tdPwUPEZ35MWjw1uBrUZh1w2eeQg1EsUhhKLahoJtq7powdADfZ7Cnf8|Ae2tdPwUPEZ4dqCQKPEzHQP5kccevgfoEB571TcA8ryjJ4xE2vXFgR3TqD6|Ae2tdPwUPEZ6QXCXxPPiNkahSCJMmBUfjmKZKm1jddP1La9F4sebRD9hh2x
7932bd27c8b0102efbe293c979fa952c5f774d66a574ec25bf2cd12183d3db63,239,2021-01-03 19:55:16,15199.131080,1,2,small_multi_2_6,Ae2tdPwUPEZ6X3m48v4YPSzjHFNPN4pq4aERF7LBAhm6xNPh7o9fnaBG9Cy|Ae2tdPwUPEZJFvEqUJdYQu8jaYHr5Apfwxt5dzhsKY3AjX8sf9M3A5Uht6f
d1799193375967e5bd88770b5204bc73220348dbe56d2edd919b51267887338d,239,2021-01-04 06:32:19,31448.006401,1,13,mid_multi_8_13,Ae2tdPwUPEZ7dgLS77y3nbpnbfCBPVx5H11Tx75beuHjrD75naxAqTLRotx|Ae2tdPwUPEZ7jA1YNHMN19TajZTphu7kD6UgTDwnsv5vMcrVr8EJyUW8SvP|Ae2tdPwUPEZ89zrtjXMeQQvj1g29doK8qXsTu7MeapohnTPWY8FTmgRLejH|Ae2tdPwUPEZ9TZWVjPgBH6Mz23dGFCNVVpg8m4APKcZEVBMN9LpmWG9u7s3|Ae2tdPwUPEZDuJsoghXWDptpWRVvFpy2wyEgaWa8XmNB9Zh7P6AvsEVSbcA
e7bc891f5838dad6893ed91d23162bfe466f186cea91f792a60ca34d7e2504c4,240,2021-01-06 09:24:30,5024.796519,1,1,single_feeder_lt10k,Ae2tdPwUPEZKhAziGKZoqvgFFhUqFHc3V4uqDajPK7G9G18arLXPBHXFTpb
81c5d707c15781c5909eba9597ab87f6739b6d4f87d6dd6495b0a70094a36578,240,2021-01-06 14:46:25,5408.338777,1,3,small_multi_2_6,Ae2tdPwUPEYvu3fibNVcZowKQqWWxDSpLLDFiTssw3LZJY5Dt3J7uM31Lwu|Ae2tdPwUPEZ3zYzSEq8k6SRm2v6fzJPFdue9Ab4HZ7NytJLzYkFHxAG7sjt|Ae2tdPwUPEZKKhbkm5yDYYM63eQ9aFurzQC2Mt4eQt9vsFEZkzDrbZoJp1a
bbf0eddda67b5e776aa93db7826e02f0ca2a899a5c20a1e2a3e7e1092b1d215c,240,2021-01-06 15:06:31,9200.091619,1,3,small_multi_2_6,Ae2tdPwUPEYx5JMXC8xBdJbVnLdRrto9AXZUrTi7t9HRDz42MquhTQ4h1ys|Ae2tdPwUPEZ2fPWb8Z766g2PkzWZ9xtdoTus1Hv86WUc9PaJEMmjJXDd9V6|Ae2tdPwUPEZEAYCJEhgDVxUG47fo6GHUrNEYG7YieANLjq7vXGa9Sz7UNmz
d5bbb0cae7552b36485cf3ff573e34b644ff99f7d2a2072459bd9fc72d1bb1e0,240,2021-01-06 16:27:43,7178.497577,1,3,small_multi_2_6,Ae2tdPwUPEYzP1hQQK3of2S6Vgh86wyTW7VGtgowf631PUDDGk8mMxsu43E|Ae2tdPwUPEZ8dKsuHwf3d4qEa7tn7sDZKDcJ1n9z4pmzqVQjWVsp1fKSyi4|Ae2tdPwUPEZMRyrZmga5qQ6W4eYeDnAHVBVeGEfz7WkKzZTo6aa6rtCyV86
a730217472487254700350a018fe3a9173d36e4271302e69bc7b4fb59a867f6f,240,2021-01-06 16:37:08,31117.605676,1,4,small_multi_2_6,Ae2tdPwUPEYxgftd1kzwvYGQ3PFugWsyeUMChvGwR7VDR29neRSLpu2yJ7B|Ae2tdPwUPEZ2fPWb8Z766g2PkzWZ9xtdoTus1Hv86WUc9PaJEMmjJXDd9V6|Ae2tdPwUPEZ89zrtjXMeQQvj1g29doK8qXsTu7MeapohnTPWY8FTmgRLejH|Ae2tdPwUPEZ9o6c2QvX1UfZ4W7M6xmiyfJRqJU7MYzvjGktv2KoLiVQyp68
e60252eb0731baf26faa700743d3c40af7e9a073a81b57cbc67d64e42ce37eb2,240,2021-01-06 17:28:11,6186.917821,1,2,small_multi_2_6,Ae2tdPwUPEZ2K8uuZRwgy7Zxqs7XaxPJAoWz6dq1BWKNScD94xi3ZXf6Pb9|Ae2tdPwUPEZH1djV55sUsrZNgcGrSrhnNVd9CYvGGysoBmHTnZEA9ZXLQJu
1a1cdc6a6be87cbcc64ca9be24990ed2baa9ce2c4b3ed8cd9ae1ebebc3cbd1b9,240,2021-01-06 18:37:45,1922.597119,1,1,single_feeder_lt10k,Ae2tdPwUPEYwchZNVZJG8NNHnuTimSyUuByLFGrTQVHLbrDK29qGy8XJG7F
91dedcab94afdc61244462701b2b5f0a0b9c70236c9640221b6d417a4d8e2284,240,2021-01-06 21:40:16,21548.273623,1,6,small_multi_2_6,Ae2tdPwUPEYxV7xoVFfv7RngUxD9qYKDd3u6qyPeAhiomjzChBpPdTS9kMZ|Ae2tdPwUPEZDnPs13Z5hSaNxPjiquMynPhP6vtjBZyxdEnSbb7LK1WwjGZw|Ae2tdPwUPEZDxkhMFRYXkkqgsavWZqtqZjpdK3ssQncebKsbKo21Pdc2Eyc|Ae2tdPwUPEZFDn83EBfZi6DjD6gZvi5xs1XGxMG6tS4LrDTuAXq4u25PP3s|Ae2tdPwUPEZG7U8L2qAr5dMdyCoVsNBeMLG4PjqBNnq8NbrXmDG14sQtAKA
2040941753571b8e1ba5db27e86a698c4a6f22ccc93f0d7f9623092cc20d1a0a,240,2021-01-06 23:40:39,3281.647710,1,3,small_multi_2_6,Ae2tdPwUPEYzQP4Fxh488REwGoDnSBiEVhywrWAKzoQ9MjD3isqSWuutU5s|Ae2tdPwUPEZ9SYCMzvzf1htprFGfNqQdgoV4SLMevi7giCdyEY4fyHa7S5U|Ae2tdPwUPEZJZkjKktp9RZtiQHVA39GG7rEfwVhAg8qtVht5M8LoBTW8ST6
bbefa1ead078ed881da49933b702c402990855ff769faeb634fa61feb4863c3f,240,2021-01-07 04:22:31,1699.594619,1,1,single_feeder_lt10k,Ae2tdPwUPEYzbxfyVrmMySYswsnFWVK9rF3wCYNrd6e7DYW4orZUGkPfCJh
4af434a4939daf53c1b32868238cf929884eaad012fda9827dcf1a80a80ae960,240,2021-01-07 05:13:23,29089.753789,1,1,single_feeder,Ae2tdPwUPEYxHKnZ9QdN7MFA8N1VpJipxrVik5M6RDrns223mBx5ZfoKbXB
8064b4c0414e336b092367ef0a4c79ade8f5f53c02cfed336d39a640241aba9f,240,2021-01-07 05:33:11,1315.479119,1,1,single_feeder_lt10k,Ae2tdPwUPEZ9voxamDSkxEMM5Em8RcUkTZpYyAbpTc76YTwBZJggYCjCUho
d4827e20b3596163eea149ba5d121b404f582961a0b9e704a6fc7063aa65de1a,240,2021-01-07 06:23:44,1113.776645,1,2,small_multi_2_6,Ae2tdPwUPEYyDmDqyDZpEt9akBSQTYiGdik5AVB66ZZXXphCrmJxbu61kXx|Ae2tdPwUPEZHNj9mHserLgThGNxjqvr1KHStEfgGZu4K9dMsUgsAj51dNkM
8cfe9e3f781e42aea9a2042fa928a1e241b1fb3fd47caa3fbed913fde7f9f5f9,240,2021-01-07 06:44:01,62744.614469,1,3,small_multi_2_6,Ae2tdPwUPEYz61kyFJMxL42Zx1bvkrUDoR47AyDuqSXAtxaeCrW6fTgYYvi|Ae2tdPwUPEZ15Ef4kfTDVYbBpNdS7PTcGuGHsEbLAtbtLvPYuRKn4AmdFPE|Ae2tdPwUPEZG3WBgAiXD6hx6XBhryeSW387eYBi2GhqhSZtrkBLPHucSma2
2edcd076f50198e71666684283ecda8569313ce64d8f44429bcc5957e3a0fd97,240,2021-01-08 02:44:53,520930.145997,1,33,large_multi_30plus,Ae2tdPwUPEYwPu3BbUJ4P7qmHUmqPT4Mfk9SQoe1t7iFeU72wsaXLKzWZfE|Ae2tdPwUPEYxPPei57nV7rHcpGiUvya7RPjMUgKYSvgMNEYLz89Yx7ngWEC|Ae2tdPwUPEYxbCVvakHiF3du8eejd9v6WnqFBhDnaP2A7TqX6TcRo1fExfW|Ae2tdPwUPEYyRtjYVx2PdUj1vMix2pBWG8odUoMsGZWFFsaUce6b6BgE9vi|Ae2tdPwUPEYyqMQH6KvWKDj4qWAnGabSbCHmS1PNnAqqSZQWAdK1Z5B5749
5001fafa23b819c6b8a135f9fdff49e3f5e5088cd42d3560219bebfa05ad89f9,242,2021-01-19 15:16:49,401732.169821,1,72,large_multi_30plus,Ae2tdPwUPEYvtd7sipjFCdxNFD45woK24LHc3BoXfCBprhquJqg9gAkmdif|Ae2tdPwUPEYvwe41x1CW8U11YfKc7t3s1hK1iZRwnXXMfybQ8Ecr5TRmp6V|Ae2tdPwUPEYwLNtXvoQRg9fQsfYKqkFGQ9qfhJEyJxZ9TJ4eCewAqFg2GZh|Ae2tdPwUPEYwWHqrc1ceU3t2cTVDTMR3yEpHyRxNWiNK1b6PzL7h6ozpJzN|Ae2tdPwUPEYwpDD3i4wEtt63cHrt7tkqHX62bQRgBiDuJEcjF6rvvZh2jEh
6dc6050deb2cbc1c8d7bc2edd05ed4f5bb2e7f3830f5e9caf8008814f381dbab,244,2021-01-28 11:21:35,337076.223902,1,76,large_multi_30plus,Ae2tdPwUPEYvyD5gDEsRWjicxoRBhdiduT3UmrZEmas9CWwoRQv2kyqLrzy|Ae2tdPwUPEYw43mAQh2F1QGFdRzaJyUjn5GjTb3VzKdWRfKJWpC3bR9T7di|Ae2tdPwUPEYwmAuWG8RyawRs9iWe17iJaeWoM7Hs9NAg1bR3hxNpNV7y558|Ae2tdPwUPEYwntzJEPTxkJ3SsRSXFweNJZitaFVMdJ7343ZBEi478oDFbLw|Ae2tdPwUPEYxBtMTfN4i1iUWksYhbGykuKnhwqf5Nj1Lu1dFgrFQaWfaVCv
2891deb2ec62d19dce0514d73ecb699b3432c3cec2699e356737d0e9927ba546,244,2021-01-29 19:17:40,317125.487912,1,74,large_multi_30plus,Ae2tdPwUPEYvtC3nLF3xhR2AkhgpCb6qo8okiD2qpfTRdf6HBuR9MSiXCes|Ae2tdPwUPEYw3om7HFJyL2hsggCu25tbqoVk3NNzDJMVA2SShcXVWQAGtSU|Ae2tdPwUPEYw6V6W2v4uVzzvXwHhs9Ej4dPb7fbuVBWcjMjL2YFProwajxZ|Ae2tdPwUPEYwmWH961eK1X7UfcqhB4LvGTDXKMfuGEzcJfvsJdVWrE1cic9|Ae2tdPwUPEYxTUAuN4G957HyDmD5WqD28Lpuk7nGpbSjmSDheQRQhH6m1LJ
d32ea1af79a113479348aff03287c4bc69c3aa715f8d84ea0534c13a7a5e8bd9,244,2021-01-30 19:56:55,217929.138149,1,78,large_multi_30plus,Ae2tdPwUPEYvurZU76pq8XwAwsJC9en2v4GnVBw5bAGZufRsMgG4cQm7CjN|Ae2tdPwUPEYwD82A17SLPBorXfPtEEuS7iXN1aG4E9SThKNEuJWTZ52yjd1|Ae2tdPwUPEYwHpvnvCi5LKEBYfSc4AFturmYavScKHY7UrA6uPbzuoEah9i|Ae2tdPwUPEYwN6j5AkMvtvDoH1vvc1v66SEZpmuaHknYGFy2eT9rt9ibVtm|Ae2tdPwUPEYwmw9GiWsNkjWJAijsXoZqyQt6ZF2zgY5fU9Bru7rApQmog2s
c512835285a4bc47ee9b66837114c81a60e07b8e48f5f88078d6a70bad90add0,245,2021-02-02 22:34:08,204208.051193,1,72,large_multi_30plus,Ae2tdPwUPEYvwPCMMWppBMkgpiymbSeV7AfyuoHYpAvvjkz5wgcLCd7Dffp|Ae2tdPwUPEYwRs8wQoohewXTgVZ2B4QLuMJxv2wmCpXMueEe74RpPFyNbzR|Ae2tdPwUPEYwwnWxYsxiSLXwEXhrf6DDeU7ss9pMZ3tqWZScVULT3fMdESN|Ae2tdPwUPEYxVrseqvsEZvE7V8zJBjk2QRmo5FVaVXdWN9PmdAfuduXSn4Z|Ae2tdPwUPEYyBMnuLqPXw49MJeG79RYUkM1316kT7U8gboTCxb4RR2awuS4
ad740a7bec32dca47ff4ab50cb4cc2fd00c0c423e81c3264d2569b807c4869db,246,2021-02-05 11:36:20,447898.784525,1,76,large_multi_30plus,Ae2tdPwUPEYw7U4s76X2xJeCxZTt6oMGjCd5rNNdcB9wsZNsyG4aYBGSA8d|Ae2tdPwUPEYwRXNUKX4DB1t4MRfRBjJnSfakqf1eVaGYK77GC5ShxJibtEi|Ae2tdPwUPEYwTikLfVDnk1CAkq1T53fAuhzuyizto3Pi8oupExUiThePKFo|Ae2tdPwUPEYwwnWxYsxiSLXwEXhrf6DDeU7ss9pMZ3tqWZScVULT3fMdESN|Ae2tdPwUPEYx1LpBZKvJMWVUBxdooZJVn7hnwCi5JZv398VxJ7Z5N95Hvvv
9adc8044b64dbf35c7263596707aef79a5ccaddb6d717f3aa001603aac0e2a24,246,2021-02-07 01:32:25,142957.111593,1,72,large_multi_30plus,Ae2tdPwUPEYweYicAWQcUuq1DZDhQGsp8NV875PgxB5zqE3wZYo2rxpWwSE|Ae2tdPwUPEYwhGJdLTfYMivxw5NjKUwJRorhnTw3erBLAPsE3zDQUDpUvQr|Ae2tdPwUPEYxFGLszSVgxkseB6oEeU51spdPEnmWhuLSm5sDpdwBmRMYanP|Ae2tdPwUPEYxQp8o6FBsPjrYnh99yNEeTYyKuWwBScipZBpJDVnVKoMV5aE|Ae2tdPwUPEYxWsx1iy8TgTknnP2p1rZcwRmdt9JakGHaLLLRSZRNF53Fh4E
b7b0107fb9ce1f0f131f640a21e799361b437903a1c76e57b56542cc9f6b591b,247,2021-02-12 18:47:48,115001.233684,1,76,large_multi_30plus,Ae2tdPwUPEYvwZdB6sairxcAmVuL4Uy9b6CJdUkenFSQpQ7XD42iepaxKrs|Ae2tdPwUPEYwPtjXDUgN8dcCRb4xgsHJnveYtCaqJ5uk5pMaxkoVwjQ1SLe|Ae2tdPwUPEYxDdWTkke47CZstjNxbgdhAEL5PJgnDZJ8F3t7Hy58LDcyRqG|Ae2tdPwUPEYxGjDbTctLEv7FKnW4AS7TqW2WsYcj84MwCcbSzaaM8aSXAqt|Ae2tdPwUPEYxKFahTGg6mFex6uj1rHPzqSRATy6xkeRisbCzEAwBtkm2Djj
303ed46f9399cf659f9209967070b055333c3959b6a170e91911030c2ddc73a8,248,2021-02-18 18:14:29,78173.370808,1,73,large_multi_30plus,Ae2tdPwUPEYwMaVJ3Zoqh4bDkKHyvuj1A5tMNAQa34aS5m4jGkR1ie7vApY|Ae2tdPwUPEYwNYQyzRLgfSLmaLnHVrZy9TsAirQKqZ25CswfXgxmuYNs1rE|Ae2tdPwUPEYxAPw9PMnaxYQN649VvxEhc6xUxKNEEGyxronBqi7bCwot7Yw|Ae2tdPwUPEYyAZyjtxoFDrpbcbTGjSVNYGZdw9mjWTeDGdK5F8srPY5Y9xk|Ae2tdPwUPEYyFEperFDVzWGk1BdhifFU6EqYbEC4Vd3sXUb7K2KQihNNxAY
5b62850775a1604de06ef7a977320160f2cc5a2a6ec38c2eb026fc3ca89f495d,248,2021-02-19 02:00:51,144756.654808,1,78,large_multi_30plus,Ae2tdPwUPEYvvXvyrnWnXTkuujszKEjmcQi5WDJc3Y1cAGkfk3soEXMxq6x|Ae2tdPwUPEYwukCN5mLxDWCHSouVkYen5r8HAhiwqRExueV1qCzSiruK5s1|Ae2tdPwUPEYwzodACA5XdCZkE5Whpv3E6RvW5G4KSB9WNUfh58q1c9T3kVF|Ae2tdPwUPEYxrLEbweeQizkdyp9aDT5ZwZYLHGMgQgKNvaNxKgCK7cqX6BA|Ae2tdPwUPEYyFEperFDVzWGk1BdhifFU6EqYbEC4Vd3sXUb7K2KQihNNxAY
99456a7792582d1ce80fd7ee5d4e2a47207226d0fb7274a8ab9217239efbc7ed,249,2021-02-21 20:43:59,128866.970372,1,75,large_multi_30plus,Ae2tdPwUPEYvvfPa8LxHPbWLKCrRQYYqXf1pUBrhrZ52WPHqnQDuPPfqnkJ|Ae2tdPwUPEYvx63jTFnq92FhxHfMs2oDCfctafMvjZ2TMh2U5HAqCpzagPr|Ae2tdPwUPEYw3BFzZR4d6JKjyAkKZiv5UH3rhpECU9m9Xfwf4UGUhQ1AQY9|Ae2tdPwUPEYw4bfVdJbj9zMBtpUjgwfw9govyS9CpoB7jMZAsQ4wMMucGXh|Ae2tdPwUPEYwHriMqbaD5nyXcHurbHcpgczfas4osZeNXXNyyGcp6ysa9Gf
