stake_address,addr_id,drep_id_bech32,epoch_no,tx_hash,block_time
stake1u9gvea70qvsvllu44aa5qr4l9r7rw6tt6l6mtykquctk35c99c784,2130,drep14pjm8ytt682wkp4jcegdj2yerkcy9a20xevvp7udlcd0ggjxdud,507,102beec51a1ac5e5d29f21504f1f2c834eafb2bba79c8bc2c97e7e6a2832b0f4,2024-09-02 16:11:33
stake1ux2e5w3rgf7j2nmgd6sqcy884jxe8flumqy5z275c00u0ngjze4nj,5505,drep_always_abstain,507,18cc103f788dec73030a3b41f19bd42a9fb4a3b505c3664e3b3ec2273090ba27,2024-09-03 13:49:59
stake1ux6klt4t304g842tk9l8myk3lj0azhxaw5yjspqwyqcyspqngdfs0,173134,drep_always_no_confidence,507,c5c5b13b5ab38e8649cdcbf81d7a38cc5616e6104bc7a70cb44425bb732dc8f2,2024-09-03 16:57:01
stake1uy7z2trhd87x3h386jl4uxturz8r8z74esq9dam5vqfaassmau0lk,2340940,drep1qz8frp3eq58v3dcguhv0753yt9gf3g50plrxw8rxu2f2krf2p5d,507,404b2c65e1c09cb2a7eba980c93bb7804a9b79d99b1f7b21154fdfd542fd3391,2024-09-03 04:29:46
stake1uyfsmlufrchv79rzvjwcxp6cjmzllyqsh9praa9zje6haas3jhpet,48008,drep15jspgw8ea9pw3w0fwyqam2lw58ulw7z6qhr8qyuah7j0yj962w7,507,29794ea017acb1c66c7fd49e2098ab568b14a170f146b91ba9ab159d107a781c,2024-09-05 21:39:22
stake1uyk59qn5qzgtkzu6htjktxcd93umuqn99dla6khcmd067fcj70dn8,64299,drep_always_abstain,507,ee6c484977902834c22af823557dd05fa960ce42b65cf60b6a292a66d04c13a2,2024-09-02 00:20:23
stake1u8n0z0tngr0e5f0mvqvanqtg4pjq3mupn9dtaz7m75lgrqqs8q97e,38355,drep1kwquh5nf00lfhxmxafd6y6pgc25fvm0d8xx2rtaymtpjgyjagzn,508,6bbefa9837452b5a13cead3e6c6625236783e6e2be3da16ea512c1dad733583e,2024-09-11 13:54:12
stake1u9mwjgt28pp4kp8amj2jrh80tlhsln322mr2k93te66te7cxdp4j8,79990,drep1jk8rk0p7py52vz4jnhwjtn4nhyptnr5tcvewgpahwu7djkqu46m,508,f8fbbf86b45cd52bd3d468f5c112c4f668dda3c0b4dc6494b35f8b175b5a9f12,2024-09-07 15:11:14
stake1u9mwjgt28pp4kp8amj2jrh80tlhsln322mr2k93te66te7cxdp4j8,79990,drep1ydvwp8x9j8u4flwjqwxf8jdjwp9p4zf2x4rk7vv7fgzk6j2k7c6,508,0e9b224e7cfacabb257643b018f3d27df286162bcfe0c0d98dbbe5e43106fbdd,2024-09-09 15:55:57
stake1u9url9ytqphzqm0ql3ffrp7m6wftxjsnwtwx7k5ma02rjccjhqjdz,56450,drep_always_abstain,508,9af14496c8ee8447cc80475f94eff58e18b2099b0797020f1f5d6255439cbcec,2024-09-07 20:16:41
stake1uy302f5fa6u6smdumdwn6vpwpky54l4twkpcxj9etkddhmsrcyqgh,379,drep1vjwg9fm0h8f0qeg7txujermuzcum8tnxrafpqjj23yr02urhgjy,508,218ddc89fecaa54b3bee5b3fdf93144a803a890b866f7b54b75ce8c07abfbf9c,2024-09-08 10:00:33
stake1u9872sck0ar9a0k5y3u6xhxamy5v829f6p05k350cdxn2ecc6vg9e,56774,drep1kyppjlhz4lawh4g0ewx2d8a5l20t4yclfnppnuvdkmt7vccg836,509,c361d659f892583fc02ae925267316024046cb4538eff7a0248da5094ffd530a,2024-09-13 13:22:28
stake1uxdlmsy47q5r3q9tqssm5pz0asfq0ksgf4taffrzyylum3qfw42k0,38356,drep1kwquh5nf00lfhxmxafd6y6pgc25fvm0d8xx2rtaymtpjgyjagzn,509,443a04c84f06fa45528a96fd5cff6a1efc15966b91458ac2c191b92da9707cef,2024-09-16 09:54:27
stake1uyvnhl4nv6mnt0gp9w5htdjk34an37q5f53w4y05z5874cgutjt2u,67670,drep_always_abstain,509,ea0bfe11cd275706e9bcd244082c96ceb060cf15a1087c8b3a934f5d3ddf4cf2,2024-09-12 17:59:31
stake1u8u3587yqeegec6r72uy7vls6xswzzacseh8892nrkeaspqjugufd,875518,drep1q39wjtvhutnarh6yqh7qrmu32yqh0ns79r65yn0a2qa327x2rg3,510,1453b0bfa89f326f4a736aaba0aa2a11f1c5caaf9abc5d28e6a83f51e9e623cd,2024-09-21 15:54:32
stake1uyg03kf8nemfekz5t574lf0uhm0gkn65l995vdlurqx7ujqc5hkj9,44033,drep1qz8frp3eq58v3dcguhv0753yt9gf3g50plrxw8rxu2f2krf2p5d,510,eceae7bb120c148087b65bee8c11e49129584801f9a51267d792d62039c743f6,2024-09-17 02:19:56
stake1u9872sck0ar9a0k5y3u6xhxamy5v829f6p05k350cdxn2ecc6vg9e,56774,drep15nvw9d6zr6m08dpckkx4d3g6dplc5vh7yhekyjw0vq07spk38ak,511,6b48389378361d0c14f17771aaa99ed72857be9c0d9ca98f997a26e8dda0b0b6,2024-09-25 06:10:33
stake1uynh9sf4pal7q0hgn8hdpggfvz837d25q7w9367t8wxwyvqa2843f,47826,drep125s4lx920k0z38fptf2lvtf933kr5udts3ahdh5am0nxzcqwua9,511,f410a1feb0e5b11edff13ac00ab98d829dc85cc80ed28bc89a475d4661c2e01f,2024-09-23 21:37:39
stake1u8aelsaac26j82hw3tq6sxg3as66ydhxxt5c57tqrvrx88grxp7et,82846,drep1qz8frp3eq58v3dcguhv0753yt9gf3g50plrxw8rxu2f2krf2p5d,512,649bb81b999d634dce335586fdda2e50e958e77e744d4c24472ced3169f4c2fb,2024-09-30 06:49:17
stake1u96q9szqf9m6gvtwyq83hc7hzw8dd6dpth7ea3dr0k4acwcs62vgx,35532,drep1mvn7l9djdckd533eql2rxx42wr93sdvdzwp3zmz4j8h6ss7vkfl,512,886b7b14195bf8f5ccb8d1d929951773873e83d5677915ae780d4995be7ad570,2024-09-30 16:44:51
stake1ux8pra0etcwhze4yhmkrk42hk2yg7a7rhae7v69mr08wmfsp8fst4,1777,drep1cdrlkzu9neregad4wlu6pfn00tvnlsqcxxg0yu3yssqsquhfm6j,512,4d50922af3d988ee3a48c7140d187a00d5ba25bf31c989d2ca85ae1be5f889d7,2024-09-26 22:39:46
stake1uydphkd4dhtme8g4j56rqmhvxmykygtmzf4l07r4pp9kcnsja4hpe,91,drep_always_abstain,512,f6562b0fab08258905b66252620d3af1a4aabd8f6addeac4835b87994bab406a,2024-09-27 13:44:58
stake1uynkmg8g7ag8uslm93clk20lj0d8f4exvq20may9hha8p3s0cyx8l,399645,drep1mvn7l9djdckd533eql2rxx42wr93sdvdzwp3zmz4j8h6ss7vkfl,512,db191655b0c681d84d6c2b82a8c4b99fae301f564f4d0cd1596dc36071f6ef87,2024-09-30 17:01:13
stake1uypu5xemx49uza4zvy49xuhcf28rx4ltq407kema83xhl6sr5f3j7,54710,drep1cdrlkzu9neregad4wlu6pfn00tvnlsqcxxg0yu3yssqsquhfm6j,512,1e8c835b2d21aa73de637dd5e0723bd5b0d55cd0cd8dfd0347c7fa128d15dff5,2024-09-26 22:40:52
stake1uxclevvkxxtk079l7x8870ee4cfytt3gal6lqggmptvx7lst46ckm,58289,drep_always_abstain,513,b4e6d80a76cdb4ea21c87049b4acdef36a32be920327ec1209a6849e46db1b27,2024-10-02 12:55:03
stake1u9sl6qqjwervw4qvp5w94ndt7kfe82xs7k66hjs70tmm97gl4yttg,9198,drep_always_abstain,514,033aa309625b79985ebaa5e253fa91d22828cb5940ec9830d5c9078001448adc,2024-10-09 23:33:01
stake1uyqg398cxz73883m2v8hkcp02590ldu8y6gl80aewfeh2rc7ma4kg,34600,drep13d6sxkyz6st9h65qqrzd8ukpywhr8swe9f6357qntgjqye0gttd,514,cfaae5557783c12837a7aaf5c580a94ce61e81c91d46d5fac299184b5df9f4a2,2024-10-08 03:50:47
stake1u96svtngkqrx4w4tlteg7qcv63ua4w5tc2hv4f4m454qx6g9xj8vk,3301,drep127pc58jyky40fvess0c4tjxkrnkf8ta3sfltvm4ptypqc5fgav3,515,4c08f0677f6ce9095ff6ba30609a0bcaf545b54a00a656f732e11106275468d1,2024-10-12 01:03:26
stake1u9u8rqh5dhchr25yh49p4w7yg85xhf5m0ykdev9kg0cttdsadekte,62664,drep_always_abstain,516,0a9347b517006c7e02fcde21f89eeb7cc77ab3b5bf4dbed7c002dfdee40506b2,2024-10-19 18:01:45
stake1uxdvlwgukzsaldf3xzdwk80jlc9shg7axy923fvnvn3krlgye9tgt,79714,drep14pjm8ytt682wkp4jcegdj2yerkcy9a20xevvp7udlcd0ggjxdud,516,d368a37576d2c2f88e452d3f6cb5f5e020cd5d25c84c37ac975664246879ea37,2024-10-21 18:27:57
stake1uy5v9ndlnn3c39arguskgujz0mqkdx3299s68ku3u6le72ch7e76j,1168,drep1smycdt70dg58adcxm7t9gyhznay3hkc48hznr5sss6dr72duwlz,516,6f179ab64bde4acd47fbdefc58b5bc59f9f5080b8d2bbaba8fa9fd9976a8e1df,2024-10-18 09:07:38
stake1u850vg49nmlchypl3gsd66aunwhks2g5z7nuuazse03w2cc6zq0vc,556,drep_always_abstain,517,7f153e3a60586cdfbab8b19163864f63d1996c92ed1171dae7a043cc28dd8152,2024-10-23 06:01:34
stake1u8azhhx3lk9s8fvyjtytqhxkv92rwcmnq42el56dlt8ngxg0ga8gr,121432,drep_always_abstain,517,983b25b0ceee98df075defd7715330bb4ca73a7fabac983ef9d595449cb257fc,2024-10-23 23:17:54
stake1u8l724e8a5akc3tzkxrpwes8unr6ef2sf44jsvyauamjy0gwmtg49,55049,drep_always_abstain,517,ff91fd5b10d1cd31643aca13853521598c6aa1033b02f16c9636af517b2bc205,2024-10-22 18:58:17
stake1u9ezrxr35hx7fm8mmthe7caud2yrsp8shapd95eh9c4hhjqys8x9g,720,drep_always_abstain,517,b68bac6f0f74ff204be6c489191cbe166a66b73f055bdaacedcc8e23845b93b1,2024-10-25 12:41:09
stake1uxn9d3mtng77jq5fmfs0gntmdpdry5gd08dg0ytpm5n3rggmagdlv,1562,drep_always_abstain,517,1f9fba67ef2bf50ab8ce652ca02733d5f8789482a3f7cf8fb6a918f6d177fb03,2024-10-23 06:02:05
stake1uxpchlck4ekz8lj68x82aukrr25yu3rqxr72z5aj3fr6nkquryvks,184687,drep_always_abstain,517,2f17eaa7df1900eb902ddcea638655839603c973684ade16b3378a266e9d57d3,2024-10-25 08:06:49
stake1uxrdnh5fvjtlmp4yaehycagnlf4ps67w4s3ksk6y6wkw7fs8qav39,30369,drep_always_abstain,517,021f239403207b766f6f4c694d9ff900d657a27df41fbce8b58655a96c7d8fae,2024-10-26 00:45:39
stake1uy6sl06wae7flh7mmu67xws2v70nssqe9yjultf4ec0p8lg36px6h,83213,drep_always_abstain,517,b1a42d632015615632c45da17cbf21dbd250d243062cabf97f3f18dfe7ccc7e3,2024-10-22 10:19:58
stake1ux3rfkxttdf3x3vr86fjlssekcymgytz9f8xtkl4x24q3zsufjre7,35460,drep1jnmmkfwpta0yuwjchw0gu6csh75vy62088egy9n67d0zc7sn83m,518,da82bfcc9dc0e0f2c93feb66a0c6b462a28d18768cdab2bb5f043f7163331106,2024-10-27 22:31:28
stake1uxc2nz47h5jz66c0tffyggx82zn5qxj33qvfg3jjzjzlppsawyu4l,5142,drep1kyppjlhz4lawh4g0ewx2d8a5l20t4yclfnppnuvdkmt7vccg836,518,c60219eeb1a3f7e1197b0acd3f3f01eec8af6f22126578ee847f83216be9d927,2024-10-28 07:47:41
stake1uykfucmtt7x27vhd88l4zpkr9njn6ecg9hw8y634rzxyxqgy0gd38,58445,drep1n6gwr6wsyhawt2lewpssmqqnfu4ss75h0stc25lkpsl2q72gycy,518,1554391909ecbb03ec2951f7187eea494bdfe7e6796c2bfd6c53718e0a5f44d3,2024-10-28 16:03:13
stake1u8ajaufgelqyxp89whx8f0t57ndtcuvctfz2z8v3qfxxk3szmchqp,61680,drep16tsw66jtrver8ur3y3zzq2fl0m4swl4lwk88fvu8d4z4ydukrj0,519,66b0ca56848af68ac63dbb671d673a486cb295fb18ad827f57f2e52cda398f79,2024-11-01 14:34:34
stake1u94qcvjfm3mxl6w8yvaeyua5ugtqmd7jldee8vx2v8v0xrgs9qunu,118537,drep1qz8frp3eq58v3dcguhv0753yt9gf3g50plrxw8rxu2f2krf2p5d,519,27bb513b90388a59c3f9f4f259139999377dc83b5578642163cd5307e173493f,2024-11-03 05:02:00
stake1u9u8rqh5dhchr25yh49p4w7yg85xhf5m0ykdev9kg0cttdsadekte,62664,drep_always_abstain,519,8806aaf200b2b720a19dc75ec18a9d782e0c8a6fc62cd29afc00f9d1cee8ca44,2024-11-01 00:01:06
stake1u9u8rqh5dhchr25yh49p4w7yg85xhf5m0ykdev9kg0cttdsadekte,62664,drep_always_no_confidence,519,8dd5f9b522e8920a4b5bd1cd44e432131eeba226bbcce244c6c8fe8fd15f4af1,2024-10-31 23:58:53
stake1ux0f59ph5fa9fschmj3pkgglxp7yx4dmwntw3rwrlmc0mqspafhkj,171521,drep_always_abstain,519,b7d6bc6e1be1bc1e3f0ed9d3a50453aff8686d1f5b3f1ab93f3365b4e88b3941,2024-11-01 16:45:59
stake1uxpchlck4ekz8lj68x82aukrr25yu3rqxr72z5aj3fr6nkquryvks,184687,drep1kyppjlhz4lawh4g0ewx2d8a5l20t4yclfnppnuvdkmt7vccg836,519,522b650b917dbeb2408f52740e690823d9f8732e25230fb32fa470c24852059f,2024-11-03 19:00:11
stake1uxt0ehvtcen0k7sv6g7ntqm25cqys2552m6g8cu2pq0dw2q999454,69939,drep1npqc9m60dg9a27e852jn8wse9h3l975qsgwgh22mmh2eqzrlsfc,519,33d594dec7ca79a92164da947152c903350238ce485f9edcd05e7b34cf62931e,2024-11-02 00:42:02
stake1uyhtedcw3t8xhtysgn8wvey4whyps9qax3mavg0zmxzql5qqnlkuu,27984,drep_always_abstain,519,d53350b27463619bd3cb7b12302ef46efa51f574975645fba5bdb4cd47008276,2024-11-01 05:11:35
stake1uysm3d060fhaxncr88v23f3ds5lnz5mnemj27l5plxyn9rq27j4mw,4411,drep1wfwvaduzxyg75a67m5k0u4m746ymzefqs4nsxz2mrv5dwm22ntt,519,1d5351a16f1f5a212f18ca78d388856ac7bc14c26923d97b1e6de8b09b5c8225,2024-11-02 15:55:12
stake1u84apd7kcmrjd8qt98ndsgsppnd7jv2mlfyj8dfe24gnhacn0l8e3,45684,drep_always_abstain,520,a2e24f3af822e00c82236275d5d2de05a023ef3fd06bcc9f83ef30e4bb29b0d8,2024-11-10 21:14:38
stake1ux5e8ac6vzkp6mqhmppqjkuh7vs20cuc6trz5hfvzj84y5ckerfhy,78665,drep1yzzd7prdl628lwac455e0sc5wtw2fldg3f2th6jg7r5c7pvf3mk,520,c13c534a5323647c09d5e5f06b3a63cee81c1beb7ed4be0e554557c822541ea0,2024-11-09 07:01:35
stake1uy9ar3y7nnfqvtcqz879d6vxkhlpjr4njec6lmugacg7hrqmqhy36,39684,drep_always_no_confidence,520,3199999bd11f64dd589701eed5c56b42a2d02cc3279ac59c4fe3fd52014b566d,2024-11-10 03:17:31
stake1uypn5kmnna2jq7fnx50msfv5r5w3r97kf762an5uww29k9c74y7l8,37414,drep_always_abstain,520,499fb6c44e6e2743e2fcaf6cd6449231f9434c1a56a16157eb627192761c391b,2024-11-10 15:00:22
stake1u88my8h45unux5hr8ulc4e7y5xwyvzjwtfgwpug8wfv4rjswgdkkj,57672,drep_always_abstain,521,e17ea6fd005664302226cc306024948beaac4d7726e1cf9a23e4426101f1940e,2024-11-11 07:31:36
stake1u8xqftt28xxp6hxj2jgvej9e2wp4aw5g5wda23t84qhefpggwkwcm,79976,drep_always_abstain,521,df6479dac35332daaf0d1e38149d55588c355e394df44fcb2e2b4f97efc05c1a,2024-11-13 22:32:39
stake1u8xvzddmtajuty5pv3nwr4z73s50y68zpc2z3p9zfv57q3q0qz7dr,1480,drep_always_abstain,521,01dd88d3ef9304061ec709887faa8c38bf2eef29cd91b0f6344ff737fdd8b9d5,2024-11-15 04:44:20
stake1u8y8k8rxdvfln4nkwu48ecckhwqsl6mxeyft7g5k46d2lqqv2zy2m,38727,drep13d6sxkyz6st9h65qqrzd8ukpywhr8swe9f6357qntgjqye0gttd,521,e257483acbb18a38a8764d6a7257e07dd819d5e9eda4430eb4f4c49d32a4e519,2024-11-13 09:55:03
stake1u9ux6dcf2f3t8w8rnjutetqr60lrrl2n6wach6fw4eg208qskq8y8,59235,drep_always_abstain,521,d6180c1f759275c5f1bb554bb1b2073ab040989d26a8fb6b77ad8002230bbaff,2024-11-11 07:31:14
stake1u9yenqvncmtew50qmjafzk6keg382x63yxsmq86ccmlx34cyhgdfm,50461,drep_always_abstain,521,4f23ece0fe9321fed2239dffef702c866a21c40d07080b89fe7aeeac4ef703ac,2024-11-12 12:36:55
stake1uxccgluztpwpqe3ug0rqtsadtxuunk39vjjhsstl4tkdtvs8v0yzj,48121,drep1kyppjlhz4lawh4g0ewx2d8a5l20t4yclfnppnuvdkmt7vccg836,521,48aa9fb3887086eab13ca24431098dbf0e6507b124046b45abfc4a9fcb913271,2024-11-13 17:54:59
stake1uxccgluztpwpqe3ug0rqtsadtxuunk39vjjhsstl4tkdtvs8v0yzj,48121,drep1yzzd7prdl628lwac455e0sc5wtw2fldg3f2th6jg7r5c7pvf3mk,521,320238852d4ebb06e70a61c2d02db22b950d38dd220028b6ab657e1a88b3e894,2024-11-13 21:05:40
stake1uyr3pwvvmtkryxxks75rs786e8ytnvm2yqgzy3e9vsecs2qhhk469,47400,drep16tsw66jtrver8ur3y3zzq2fl0m4swl4lwk88fvu8d4z4ydukrj0,521,e88ff870ac068531c2fa9003b15bf6b7f16322c42dab53c11921cbc00409c9c0,2024-11-13 09:59:44
stake1uyxhzxe4wa5qm7uzz8v82w5y5nzjdyejrw2af6mlj08tagspxgpz5,4967,drep_always_abstain,521,5a5a671173229a862b419d4ccdb91f12753cc739c9e0ef5af7555384ae44e3c7,2024-11-13 04:41:47
stake1u8em0l0ll9ke0vwu8hyeuqh7phw9dgrnqed8qvx4f453h3q0unjgg,119296,drep_always_abstain,522,e1e7ae0fbaee18bec423e808b0456be972d760bedede71ddd471137c13ee3ce3,2024-11-20 13:22:47
stake1u8fzlukxehal4s87pz7k6eevx5dzcct4tjnp66xxmc6hhagxx5h42,77912,drep_always_abstain,522,d23d45af4ff04fe5f76a24143098b799e784fba8cf5783e619e4c4bead6a66d4,2024-11-18 13:47:51
stake1u8juasusc02eq85zdcuve008y5wvzw0nh8hm4f5nqaa68lce9fp7f,110830,drep_always_no_confidence,522,07b93a61ecb64116e2d86ea77741df78463b65a8bba369587b663f8171633ec2,2024-11-18 15:48:01
stake1u8ku9nmqfg0jhxc4k0zzkflpz9ryu5pu4tcjjj8rts0dk2q0pj5mk,142284,drep_always_abstain,522,c806272e8621616b29f460fc3b3a0a1cc2bfc85e02fb4e30b36fa1b7b2cb6992,2024-11-20 12:07:41
stake1u92gkm8ndukvvzh782rn2ks3v7xs4qqhecl8nd7hy935chsxwjy8t,47404,drep1897nvzpn69pmpcgxejzgasre3mztxj7qf2hqs5se9n3p7qdc3yt,522,f1d2817b07987137736bb04dc8cb7eaaa0aa5ab89fc97add0f4e5315e945c65d,2024-11-16 14:27:51
stake1u945k6a0pd0gg3mg47ya30r4za8yzr263pr823erzg5j38csnyz2v,67029,drep_always_abstain,522,02ad96fd9628f8c65c8374a8e81c80dc97c993d6655f9343936d407ae7dd8e44,2024-11-16 22:01:38
stake1u9ar3ygczjszagcg4rsp52gvwkwg2dnt7qwxsdwvdrvlutslxt0nz,1269183,drep_always_abstain,522,8d717b6d8db34765eb54b49c338785c5c36cffd51f6c7b7791a2ad016db296f0,2024-11-19 15:07:49
stake1u9c8rdsmcaysded9sewxgpsv083x3wq5x6e0a2z2jumwkxqcqh4h5,91853,drep_always_abstain,522,80c34a7fbd437b5ed3266c958908d72be58bb8dede44246947ea1d6c377b9de1,2024-11-16 17:06:57
stake1u9ggtcevzx83fypzaj79axw73ha3k8tydpud24t37nx28pctkgvz3,35261,drep_always_abstain,522,2bfe002d83ab4f2334d0c2f4cb93eac5e6e84297fcc2c148d94bc918e31cb327,2024-11-17 13:10:39
stake1u9gvea70qvsvllu44aa5qr4l9r7rw6tt6l6mtykquctk35c99c784,2130,drep1ydvwp8x9j8u4flwjqwxf8jdjwp9p4zf2x4rk7vv7fgzk6j2k7c6,522,579a6f5ebac2a34d16f9f4c32e557d6cdb19c1c89505d3b6df798c3b00df8d9a,2024-11-18 17:01:48
stake1u9l7c204lfuvsz4p50kesvyje5lj2jvy8vj5vewmx5kawlcpm8j0e,46442,drep16tsw66jtrver8ur3y3zzq2fl0m4swl4lwk88fvu8d4z4ydukrj0,522,2ae79bef4066fba1b94d553288c4c371a8c898a16f92c11c8884bd985d90e78c,2024-11-18 18:56:55
stake1u9ruk840fl3032m6y0uett3awzgajf593u5yd6sm4h43wqc6qav3e,59362,drep_always_abstain,522,3f8174236b6f2a6355093310fe7a2276f5299ccd99dd2921b33f2ad01b52b3f8,2024-11-17 01:09:50
stake1uxjf3rd5avnpu6r5hpy6uc4yskxxfqfns8gfmlkaskgc5fg9ssk2p,184496,drep_always_no_confidence,522,0f2930e05116f801cb5009c3b50b8e357a597bd0c107b83677aad8bc32df2643,2024-11-15 23:03:14
stake1uxuz8tmfvtp8a9yv44zh4k63dfdkcc78543e02dzhafk5aq5gk5uc,1424,drep1ydvwp8x9j8u4flwjqwxf8jdjwp9p4zf2x4rk7vv7fgzk6j2k7c6,522,14ad9c586df54ad13eca9a6b1fb1d06237965a88369e73a9b6e5e7268ee77a4f,2024-11-18 17:04:28
stake1uxy88kf7gf4gdk84gjm4p6ut3xl8hqwvfje90eyhzdy39kg4av0lc,106138,drep_always_abstain,522,d373abbfe66b71e550586cd9bcb5177538947db006ce3ae39cf86d0ea4581cc7,2024-11-16 16:58:51
stake1uy0nu4de382cqa4d65sgltxrmwqx34wa99s084smnqsk7ts65y4hh,118577,drep_always_abstain,522,8b0e1ba3f84bd2d2e09cbfeac33d990c6d0951480bb7812b2953bf0cd56cc749,2024-11-16 17:06:57
stake1uy3m9gmrvceps5l3wjqr62ffan004tpa2mwfvxtzcc5cpqq5w4s74,62293,drep13d6sxkyz6st9h65qqrzd8ukpywhr8swe9f6357qntgjqye0gttd,522,47454291459970d0a9ad549dd14783be367f022834b8b8922789f1b1cce584ec,2024-11-18 17:08:21
stake1uy5zqhceuaueu09h4snye4z0wud8tht4r8e83g4cwsz6rjqg68re5,65753,drep_always_abstain,522,7fe689074b668752ba195969d10acd27f6aec00db19137898aa8e8b8a0d98085,2024-11-17 13:41:13
stake1uy6x2pwqcn74vklldsprxwcs0su658xj4nse5xwaggehk8qs47ars,594366,drep1l0yurnsfze54j5h0k9y8psus48nzc9geqh8sga3k7atngxrvmfl,522,8455bc7e42d3df2ac42bc1456ca0429b6254f23fbd86d99f0104e72814f6ae84,2024-11-16 14:26:52
stake1uy74c9akpgvv3qjshz4j0qnajl6u6htyazcfmrsuv7nnfdg3yhrwc,39923,drep13d6sxkyz6st9h65qqrzd8ukpywhr8swe9f6357qntgjqye0gttd,522,8a91c14bf3ef5e7db4503c7b3c4b0954291d9c00c1c49bbed3296e29c3814681,2024-11-17 19:10:32
stake1u82ezzxm6kjx9p2udv8h94xgdn2uyzp6xy3wxllzgk04l3grdd578,56408,drep_always_abstain,523,63f2c281b97dce50ce8af76e544193d4c9c038d95054629a9ca9090653a7e31d,2024-11-22 20:20:32
stake1u94c2duuzhwnqgyv7k7yw9cw7lvjua4tqafaf8627344ndgxehl0x,22152,drep_always_no_confidence,523,3855d99049a6db8ea6a29fd1d79dabade859a9d80f001c2b8d348ca1e75475d6,2024-11-25 05:26:27
stake1u9d0knvkktj0v2grwp8kurpe3cmk8hckx7vdyesmjhwzelgj4x7wv,332368,drep1lhkqu7uhq9532xr5558q7gh5rl54m4ezav8p5yfkgz27yrx735a,523,2997089c8041cde36177822d239cb41b7ea6d9e3ffc2cb42a8742121b4e8732e,2024-11-22 04:55:26
stake1u9kkc24e82q9fran2krpnrpjh3dh6sygxdj9er79syp5pach275ee,78697,drep1n6gwr6wsyhawt2lewpssmqqnfu4ss75h0stc25lkpsl2q72gycy,523,def29d6ae9642e3fc2cd7cc141cfa210acd3de46e5a65c738307de8e3dc9e1bb,2024-11-24 14:31:35
stake1ux76j56ml4gyxphzaw25yunnuk5xckg0hvlf3f08nf4lx8cu6x5nt,4931,drep1kyppjlhz4lawh4g0ewx2d8a5l20t4yclfnppnuvdkmt7vccg836,523,37eb8284343953398cdd605e9cb656cbab1a1edd370235fe089881287060bdb9,2024-11-22 12:50:52
stake1uxzs3am25693qjktk0zx5qlh5q9j02xpwdg0r0ke4prh3qqpslsf5,119506,drep_always_abstain,523,de1cc9c7f9cd93c8045a8b272631253a604657f913aa8828033d9655c1cdd8cd,2024-11-22 12:57:41
stake1uyauyuyr8yf47cwtlyn6qzf99wv5yqdd5nz9e30gcwpztfcxnh7ry,30271,drep1kyppjlhz4lawh4g0ewx2d8a5l20t4yclfnppnuvdkmt7vccg836,523,a24e69785600b6f91fe496a7d46409542f992897c47d415477c00374fcca43f3,2024-11-22 12:55:15
stake1uygqj9kctz8hnxy8hcr7t8dupd4jfdfe6te6fk67nq37fcqrl6m8m,4124,drep16tsw66jtrver8ur3y3zzq2fl0m4swl4lwk88fvu8d4z4ydukrj0,523,ccfad744e7eb53351362c2f355dc744028a04e7bee8406c57480f4f60ad4cef8,2024-11-23 22:37:54
stake1uyn4fy9p4gah8gjnzmk0jvpn9tacnuqscfrmxvyxr4ac6yqc0sa7w,3486,drep127pc58jyky40fvess0c4tjxkrnkf8ta3sfltvm4ptypqc5fgav3,523,96ede54385f3b29efb430a5d746dae0879d792bc684ff5aed08f2dcc2feb3227,2024-11-24 12:48:27
stake1uyn4fy9p4gah8gjnzmk0jvpn9tacnuqscfrmxvyxr4ac6yqc0sa7w,3486,drep_always_abstain,523,58052cb1ec05e481b449ad8a9a8ec303669140417cf0c0053cb0417a63c1878b,2024-11-24 12:40:02
stake1uyv6xgv0akrt5s8gwf802v08pfclzaumhkxy9680nrv6nlsylapmq,105121,drep_always_abstain,523,74cad7b04bb8e89fd7f295ab94d3e0eb744aad48b85e68c2ebcaf217e3ec6afe,2024-11-23 05:36:48
stake1u8a032cljngsfdzg3z828kht0azvlwcch6xxe7a225uqa6skwdfrh,39125,drep16tsw66jtrver8ur3y3zzq2fl0m4swl4lwk88fvu8d4z4ydukrj0,524,20fbdd105742ccb0a18a4a5ca390e0f94939fff020876b7f8d34f73fb63aa1de,2024-11-27 17:49:34
stake1u8y0ksr0ap9nwjtdnalhhyg4ajs275vwchjam07gu3d9qjqrcewfa,78662,drep_always_abstain,524,7873de32e8864e886c8ff8ebdbec01fa2cbff33439892de4784b362164321298,2024-11-30 09:28:35
stake1u9rl6yzefm62svh7u5cjhdspkvpe69dla0vh2pcamfzm2pqlwtwh3,95392,drep_always_abstain,524,d9b360a55008fdf74476f5d527c8941f113253d0244881e0cf6d6d828ccc989a,2024-11-29 17:35:39
stake1uxa6tpgyrhtgkfpwg5666vm3mjh8c0uagkvrk890k7uk2gq90jhsx,7131,drep13hw8d4m6pc9wfj2xmpr3xjhvl4wyhkvkqwq6qxn9atw9ssqheer,524,c99ec1a3d277aa218ef30891d1e7cfd33dd674200c3476809b343743478621ec,2024-11-25 22:45:55
stake1uy8hvd98gkp93eud2j02lels78q4yqa6gq7uapwhcxftr8cctdu57,2259115,drep1m6h3hjxvheyxwfwfu0zwlaxew6h0cgr2g2vz7vdeway0s40hn29,524,e4a19210349b3d75bbabe4d82ba0f8c1e404d0c5e04b52f5ee20520e697086d3,2024-11-26 00:57:31
stake1uyvdye496wraqe5xjg42dm9rjyklla966el5ytr7y4rahesgvdvj0,49314,drep_always_abstain,524,0b5fe364fb80ed3a79ced20899b10b8c10513ab6b1a7985f196e86fa82ed5f57,2024-11-29 18:46:41
stake1uyvnhl4nv6mnt0gp9w5htdjk34an37q5f53w4y05z5874cgutjt2u,67670,drep_always_abstain,524,201bb714e37049576361619fb5a37e1fe600dec544b3d3bba89995657b699c4d,2024-11-27 19:13:01
stake1uywz4p9t6hajasafcvgurwwxwhamrzaswhff8jq2j23tw3g0sp86x,55927,drep_always_abstain,524,32e199396c2a1c55c72fda855f5e5335a603631815a009f49a8286f43a5d766d,2024-11-30 19:42:23
stake1u8nx2us7y2thceygx4c9suwzhwraaqpxlq5m5um36n60vfsvzkaee,99964,drep_always_no_confidence,525,21a0c7d585e4b4271ab7dd23aeebf2469d558c57c3b3f527e23bd4da0e6140b0,2024-12-02 11:30:40
stake1u8u652axl5t6w3fwagjc9acj55vnrq59h3ucc3qh7kg5pkgvjhmht,75961,drep_always_abstain,525,8cc20583e023d00b403be87313d20fdf55e623f0b6deda8004659497372d95ea,2024-11-30 22:20:34
stake1u98690w60kq54udx9h46p35epgm7mhq6hqxxtjen6rsqg5g9u2r0s,104672,drep1duf9wj2007jp8zd2k2khq69ppykwq68zsp8vksselwaj5nvnr3n,525,62a7f189449d1204b7473f99bcc6561dfd3465fecf88c3a4a3cc125fa679139f,2024-12-03 07:00:22
stake1u9cevzsy30dp2luj9mpw2v6wvs8qwrxrrjh9jvn0ry0z3csa68p0c,68970,drep_always_abstain,525,49a4d7f55b3ae6f97a7332f2baa6fa0428932f5304100d39a68306f87dbaa688,2024-12-04 15:15:10
stake1u9gp95zmskdlsm33r9ryq42lmxqcm82tmldgkvg3fpuf66s9w67x0,48608,drep_always_abstain,525,c4b24b2b474b4ffdb863ba71593a27083316bd7fdf6b47fbbe595afedcceed0d,2024-12-03 08:37:59
stake1u9h4weykzhlf6je9sqmm0lwn84cw0vsugqlkyz8jtrdg5csu5p9wx,70170,drep_always_abstain,525,e502349871e2f72c15ac535e874e635014b9cb0aa0bd2be5b8d0aad9a306a86e,2024-12-02 10:12:36
stake1u9xf76csg258t6s2ytdjmnu4xh9dnp3v9fuxav94wtft3eqlxrgfk,80748,drep127pc58jyky40fvess0c4tjxkrnkf8ta3sfltvm4ptypqc5fgav3,525,42e6a2bca875900f9926621f0779b266d9c65a127b747c0c7ccde35afffd5ae7,2024-12-03 21:27:41
stake1ux4pg2c5wuuw4wyhhhj6yf7wqmzgrygd2t7v5zh9999hw0sevpds7,717489,drep_always_abstain,525,ceefe3d04d4da4cce6035379f6f86da08188923779203f19bcb15c50d6d335d3,2024-12-02 04:00:48
stake1ux7k63jawn2a6rgy3rgqyc8kh7e0kw5dm2tma67zly3tr6gnpuneu,143412,drep_always_abstain,525,5dcece94c9adda87e5072e4e0161c7b201122dae31f5d66b11f6a2c8dd1450fe,2024-12-04 11:33:45
stake1uxja7lt36xhrlaktcfqjcupm8kyf5afem2snar0caf0g66qgll57n,124523,drep_always_abstain,525,ac8eda120c5089cb72efda32f3294adb039daa53755791bbe6ec14eb2a13d062,2024-12-03 21:14:35
stake1uxlnfewkvjtq0naep6u7lmqmg36mpl9x4ymgdh578cxt58cpex7jw,78766,drep_always_abstain,525,fea2bbef0b2df67f45024bf6a97ccc6dc2b6c99ffcdd1bc8a3ff20cd12b733a2,2024-12-02 11:28:29
stake1uyfaclhemrsvysl2872vwu2xevr36vznhy6q0ajpfjpkvzs6r52uh,36173,drep_always_abstain,525,4dd3f4b62b3f91d5b54fe4f27b92fa60c556fa30cbdc8bd7f1bd433659496b92,2024-12-03 16:10:02
stake1u809yjsexzhk44takj6rfm6zj2x03tes0rnky8nm0artyaqaxs8ne,47641,drep_always_abstain,526,19ff274338dde9e9308f2d1a6127c812a37406274179d2961ca66ae3fb0ab959,2024-12-06 02:54:50
stake1u87qqlqcxxr7k4hfgwvcdp8ewm0ullahjefmrjx5svel6zqw2ts3m,130052,drep_always_abstain,526,09c0e3e065200e438180ebaf20e1edcb2b6a09dbc3e7b9f12a71513381c10894,2024-12-06 15:55:59
stake1u9559f9zl6kqrq7x5reha63zkypgd63hxgujw87kuwawc6q43wdjv,149748,drep_always_abstain,526,a7ad132e19e6b6e41cba1518341672a1bce96039b71a5592ef008c03e9d14c65,2024-12-06 23:09:29
stake1u9cd0sh20xnt5a0ncv7t59zdq62yartmy2hr4uk4nka86acsupa5w,49694,drep_always_abstain,526,3e8e8394683b4a40409e0b96c54d548c5be71cca111d86420ab5ccb2a4b480df,2024-12-07 20:44:06
stake1ux5flsz8r2me8n5eq5d99peeyssj5tqtruk73rumncvpurc8mpl32,130510,drep_always_abstain,526,4ff6f60dee106bc53bd3eed28b68822fa1782b3df6ec051978927b68622233cb,2024-12-06 17:08:30
stake1uxd48zp77vjrzg4nu8lzzqlm9awmzgc0sws9z9lugm0mrdskurzm7,45477,drep_always_abstain,526,7ffe9761c698e4a1d99ec564dfdb7628bcc8934cad11488fbf6d889ed6d8de3e,2024-12-09 06:45:47
stake1uxgdc8uykz5znxazxrqq5dg66qvezttwck5snkzkglg8s7qr8lfzd,75148,drep_always_abstain,526,08f26203242ff8c08b52dc483e02307b084ae01f1c966196337c4b0768e6bc63,2024-12-06 02:55:15
stake1uxzkl8kjt2vnckmvev3adrvf638j4lvtc7e9yq0mhjq6u5suwr6jc,64557,drep_always_abstain,526,7867571a429420490baf6ecabe08cf8de14314cc597b98fe72da68db896ef0cf,2024-12-10 21:13:35
stake1uy4ugmkqwcwc5av6ajaxvl6v2urtpk8m8jm87zfm9u5t4cccg0zay,45062,drep_always_abstain,526,dce99b0589d77b64dae5949023b9dc5496aaeff24bd5e2a1e85fc7633086de32,2024-12-06 19:28:15
stake1uyzte74aj5h8p08jn6r6flzc2ve0wjsy5hm7edf4rh92ehq97zrcs,130197,drep_always_abstain,526,cf98b64c28584fa4b0b79260427f03e1ec7ff07dbf2aa1c75569b9490eeeb66b,2024-12-06 11:48:46
stake1u854dekkk3sqs9kcm25r9pwzy26kaqv4ufkh0q09kyn4tjqu2zr9x,133912,drep_always_abstain,527,62f1844de5d2e7c421256b72ba9bc673e414fc44f6c67a53f9dd966866a5a969,2024-12-12 15:07:57
stake1u8vffxhlt96sladq584vjn6076aq4r6zp22l73vf8z2qm0qt4znr7,133901,drep_always_abstain,527,4aea401de188f80475c3cfb0c9ad4483316272e7d2e810a066520ce82e972443,2024-12-11 17:11:28
stake1u8wurjwdcfs5aw2xtgmwg3uvwq3yarenjj65zq0vpdy2fpqq38y99,39069,drep_always_abstain,527,0cbab7a102f1d042de70aa2901f59c1f1aa8662fdc0b20fc4e22d5ae16b24a6f,2024-12-14 13:07:57
stake1u9kha2f0ulyn7cnzvr8zurzw0jn2tufggnfh68junscteyc2tc0hl,135927,drep_always_abstain,527,8f71e2ee83508d5616e64fe2836728ad8c351abe04aaf4a2f6895ef52cc45d15,2024-12-11 15:53:52
stake1ux6y9y75jrxm88pv30xgfwr6mvycc4dnjexce36c2lp4hqs57k22x,110187,drep1sy4x93yl9c6q59ewmhxpkumkjnlz8th4wfetddj8lzryvsu7hqk,527,60d2db3384465e5a4924e2289a6ee7ed22ed9e8aded40fbce818fa052d4945aa,2024-12-13 17:08:24
stake1uxjwfl997zzpl73pg3yazfkpjn57g2pkdkfrsycy0l2t93slch77g,108716,drep_always_abstain,527,40e44eaa0a05f8a85752e207d30255d8ddaea27414ef345be9c5815ed80fcf51,2024-12-12 17:45:19
stake1uxyndxl4p3ehpeda3gmm26h9xw4f8t3gkmpdvccywgr2heqpdsfhl,292,drep1kyppjlhz4lawh4g0ewx2d8a5l20t4yclfnppnuvdkmt7vccg836,527,37b285eeca7d2f3888fe215376fad9c7df7f300a4e8cde80771a73b113fbd911,2024-12-15 15:29:50
stake1uyg03kf8nemfekz5t574lf0uhm0gkn65l995vdlurqx7ujqc5hkj9,44033,drep13d6sxkyz6st9h65qqrzd8ukpywhr8swe9f6357qntgjqye0gttd,527,8437ad87406cd484307bcddad03d3751b4e8d1526d781581fc5ad8edcbb7815a,2024-12-11 10:38:10
stake1uys5ccvm00tcwcgxxhe77d687y3qvuq7s6qqdnzcg950gmcrnddnl,642,drep_always_abstain,527,2e26f93b125d08dcd9b232242cfbfc182849a0314b2bb0dae32b3031a69f9052,2024-12-13 00:03:15
stake1uytk6r5pw8c76cvxm4slr2xjsjxxctzp9wleecw9hfgu9ts87gjw5,105363,drep1c59ehxlwkrsulmzhxpx86gr5d4vl9vl8rwa6s3l53du7yeus3y6,527,02b6170c089572bd745dfee9b8f310356e0196c46c18c88122285d29d1c741e9,2024-12-15 01:02:33
stake1uyuheuqs28w4u4x7cw4pz0ak7e9azl6x5frl7jp7cnrl9kcttnwds,5542,drep13hw8d4m6pc9wfj2xmpr3xjhvl4wyhkvkqwq6qxn9atw9ssqheer,527,8913047ea132481f7eba99a615a2d69500487e154c53720ef587d1c6fd632439,2024-12-13 05:48:30
stake1u87ztrjuwfn3cuxt7ctxg5megqkzmdleh83yl5pmgdyrl7saexnnr,1543454,drep_always_abstain,528,4f0faa6e9da6a230a529824e0af6a912404f1a8154f3958c1fb6b115fa3cbf51,2024-12-17 10:41:45
stake1u8rwfsphklw47fyzezja3tm73gzrgpkfzkc6rldkf5qa9mczlh528,87158,drep_always_abstain,528,320166cab6120553633a00a86800dbb5fed8f307cb1367522376b252a24b42ce,2024-12-18 04:29:23
stake1u90rm45f7ngkfy22e337ymttzetthy52k9ln0f0h7vfnqgsrmakwy,59389,drep1c59ehxlwkrsulmzhxpx86gr5d4vl9vl8rwa6s3l53du7yeus3y6,528,56e4e7705e325ff31ccd9359d320e4490d18400f08ae3992c44dcc2491d76bed,2024-12-18 16:10:17
stake1u94984pldtv6eruv9qgh6yfwc4z6ueerctyym8txpgvkm7gxgylsc,1073,drep1ydvwp8x9j8u4flwjqwxf8jdjwp9p4zf2x4rk7vv7fgzk6j2k7c6,528,a3a94460df18afe02e260c116ecc7a0eea9dccc5e454150ceef034ca9d68f1a3,2024-12-18 05:15:30
stake1u95w7uulf3p8er9vflt42pte844j0af2t9u9667xw0ynmsgvaf394,73386,drep_always_abstain,528,4daaa4b26c509c94caa593959db20e45c5684ed73a993dbedcdc0b0ec7741e15,2024-12-17 20:38:34
stake1u980z4w8lhtew5dwaj0f66phr37wqlg3js3mz889pqxheashl0de0,37282,drep1kyppjlhz4lawh4g0ewx2d8a5l20t4yclfnppnuvdkmt7vccg836,528,10c1c18e520ce4b379dc71b20394e8ea7f48d29ddb2c3fe9d22f12e2e220043e,2024-12-16 03:14:06
stake1u98smhcptv87gtky8h4429g65sy0gglas52dljf7j5wnapq6d0m0a,628,drep1wwmwukesapdkwzqycnfmtlva4hxdgmvuudxpczv88ujewk5tgkt,528,c2ca91898107e711848572b5dcb96962b14f42f4469869ddbfa4592aaf8eb732,2024-12-16 15:55:18
stake1u9apvde4p0jh0htexrj2gfqd9szm6twap4a2h9pc7zlv95sqhg7tg,2909,drep127pc58jyky40fvess0c4tjxkrnkf8ta3sfltvm4ptypqc5fgav3,528,755c55f875e0f7f83d8f1e1cc77a442cff4d32157f04da183741e8265558e4dc,2024-12-16 08:12:06
stake1u9ccjn4m5ldd9gustmqjqm2ym9qw7eqeq085snve2zf0mvslega7g,36106,drep1n6gwr6wsyhawt2lewpssmqqnfu4ss75h0stc25lkpsl2q72gycy,528,bc37c597422773ce8d428de1a2494f6a03d857f05dced43ea66bd47e17362919,2024-12-17 12:39:50
stake1u9gp7wmt32r4arxwm05ckqagqv3a8w7v3t3hqup8t20v7zghce48t,138510,drep_always_abstain,528,e6963b019398da576f2142e5a9bf963253f0a38e36dc27085257c89bbfa87dc9,2024-12-17 18:38:11
stake1u9gvphn49w4j3vzu59d43ncc9uwrs297h53vvrzf2qd5hpc4cqlkd,237594,drep13d6sxkyz6st9h65qqrzd8ukpywhr8swe9f6357qntgjqye0gttd,528,1754bb7e03d829430de4af50b07c34d2870c08b24414f072658c75b9ea57cc8e,2024-12-17 13:14:11
stake1u9h4fn5ppq4q5zctscpvvg66v5808zg4f6em8wv7fzjc9zc3dl0mc,3653,drep1l0yurnsfze54j5h0k9y8psus48nzc9geqh8sga3k7atngxrvmfl,528,ac50b71409e4a455c84bdcf5f0e888b279a4d4214f3cf587c666628a8d1b04c1,2024-12-18 03:04:48
stake1u9np325k50m8m53ghxx70dq0uj6p622mgygqmv7a08kwj7qqtw74l,45135,drep1n6gwr6wsyhawt2lewpssmqqnfu4ss75h0stc25lkpsl2q72gycy,528,4ff187abdaa6da2cafd41ead164dd159c2713f4eef8f9f0b37c49501cd4be476,2024-12-19 23:37:22
stake1uxdewsz3fkj9eknt27zrn43tjdjz25m2uz59vl6j7n40h5g3n56qw,49171,drep_always_abstain,528,df3749623bf0173c83582dda75f0ba011c1c1890a43278a74b3f6c08a35e5618,2024-12-17 17:26:11
stake1uxrw7ahlzhwf2ktxngjy0ew7txgyuc7qmkhxxhnn4h2c08qjmjusg,202830,drep_always_abstain,528,2506fc920c1f6b4eaef2fb8ed55a107bacf1c6b076ae7ff9b24485b2d4e83143,2024-12-18 16:15:19
stake1uys7gj6ufqjkhzpf9mllc535pe3g0xfrvsrzxgypt6hckeg4ra9wy,42817,drep1kyppjlhz4lawh4g0ewx2d8a5l20t4yclfnppnuvdkmt7vccg836,528,b5477ba57b5f1c25160499954d273c8bc99cc6bdc2c8f2f026a1f48f4ebd8de3,2024-12-16 03:24:00
stake1u9a00995pecl3gfsqznt23er3pdfrwen92qe7c6kgs4n7kq3mzte4,2780,drep1kyppjlhz4lawh4g0ewx2d8a5l20t4yclfnppnuvdkmt7vccg836,529,948975a1456f6dd4e196a17934bc3636d7668321c9cc873f88ffffca3693934d,2024-12-22 01:47:48
stake1u9wzfyvue033aaz7kcerdq93ufene23ezqwhwjal93j6tjgw40sdq,137158,drep_always_abstain,529,a5a91f2fbb592a61e33dae80265f3cf7f69c2c0767a24be6fefb1a5ea7133936,2024-12-22 04:42:49
stake1uxkrtsyat6rqz6quztjnx99cj4jy66lggt5c87nvtlzsr9g362dr2,43480,drep1kl4yss3v5qsw9j9smpakfcwhm7yrw0zkv3es80qx73wl5n09y59,529,2aa5adb9b7fb31a8ab71fa61c0eeb79ec3a12d6b2fb75fca38408c77feeb11ed,2024-12-21 22:10:46
stake1uxkrxaxwhdka32rlv0ymg2h46pd7prgyfady55nw4tgc48cj5mm5z,62433,drep16tsw66jtrver8ur3y3zzq2fl0m4swl4lwk88fvu8d4z4ydukrj0,529,7c3430ebf385cc4162290277be80ded553e79535162f8ccbad37e55d65e83366,2024-12-21 18:14:27
stake1uxs8s0vdpd5xfsng82as7ytelpfdd8xt9k5cf9ncxlft9kqg5kewa,56553,drep_always_abstain,529,839564fcc3dd617b5bb11443903382c7a07d1fe75a7b1ad7cdbe8a92fb0793e1,2024-12-22 10:15:12
stake1uyd3qn9dqqjx5he88mdz4s7zhs77t2849rqsl53f4zdhuuc49j3qg,50,drep1e7uj4v5klc5vgllc637a92v4wupq6h5qc55zelk2zmjcuhqgfn4,529,31d49af7723aad8ea41baced32c5ae298387fdff459c68d4082a584d5ba8649e,2024-12-22 20:03:36
stake1u8msrzzh4k53p0fkypkwj8x8q5ga57w0rhwex32d9xl9lgqnd7zrj,105482,drep127pc58jyky40fvess0c4tjxkrnkf8ta3sfltvm4ptypqc5fgav3,530,ee1d3cc94b284fd62405b47e49220bae1949925828c6c2bce7f481173e57d31e,2024-12-27 20:47:43
stake1u9gljq6c58zvfms8fa8vlha5zptqtfrnkk3940t675ptflcwn9e2p,81825,drep109rd2sz08kvw089d4hw7zy2ygjs575rwh429ntn37fx5v3pwhtl,530,06f2bb6da09abef6f3cb5dce2098e953e419b3457721b0c8659d5f64933b139c,2024-12-26 13:01:43
stake1ux5j6nrggszde4837ey3qlur943wunsynrxuqw39w0hv43gzn44gy,118527,drep_always_abstain,530,ba3be377bfc5114d02039354b4e885406c180cfd246b0d543c6b79cf492df878,2024-12-27 07:11:57
stake1uxhhsas86eslp3uceqgnujlpf47zqms6fjm9n364vcquufqj7vwl9,56813,drep_always_abstain,530,fcec094ad2fe263ac6493c67f654515daa5dc558d92ccc8ce74ab04c2e4e4656,2024-12-28 05:00:38
stake1uy6sl06wae7flh7mmu67xws2v70nssqe9yjultf4ec0p8lg36px6h,83213,drep127pc58jyky40fvess0c4tjxkrnkf8ta3sfltvm4ptypqc5fgav3,530,b0e9dfaa34d0ce1c5d2d17dc4f94367b251b317c46a971ecf4612a4d76c456f7,2024-12-26 14:40:48
stake1uygnm6h54pvccg00zdhyfekn489hs0qmh570ve9pzdenrqqjkxcs5,4948,drep1km69g7ksf8t5g0h9d9tkrcd2tezxelx0wtr76rv2mrkl5nzd6v3,530,04b2e5c21267e61c1b607075e4671f052e524e3854d425bc7be792b76a9d9ad3,2024-12-26 19:48:46
stake1uygnm6h54pvccg00zdhyfekn489hs0qmh570ve9pzdenrqqjkxcs5,4948,drep1km69g7ksf8t5g0h9d9tkrcd2tezxelx0wtr76rv2mrkl5nzd6v3,530,28b0471606f149933357779390589a1254235e50e8e0431e02c0a2e87d706607,2024-12-26 18:45:07
stake1uygnm6h54pvccg00zdhyfekn489hs0qmh570ve9pzdenrqqjkxcs5,4948,drep1xgzlpyy3pvywm5wvhkvyz9cpga5wylme6wdu6l9vn5g6cp38jdj,530,ef008489b36eb4a019817e0320289783db320e29e7bd9f893bb46a33f65bf53b,2024-12-26 19:40:45
stake1uyvdye496wraqe5xjg42dm9rjyklla966el5ytr7y4rahesgvdvj0,49314,drep1ydvwp8x9j8u4flwjqwxf8jdjwp9p4zf2x4rk7vv7fgzk6j2k7c6,530,b88280d40f06abb8338288eb4ffa07177bf4682883c39261f92e9397913548a7,2024-12-30 03:36:15
stake1u87mehxnkc68j98vsmuf6vrrlcfygppyxvkkwm4n89n2jssanukrm,67365,drep1ya6hzdt4kplm2zfnshschz8vweujcxt3f4azyvaplk6xjyw262e,531,81de3a35af17811e75ee8a07e8ba6621ed27599c7da64ad5561f7e037bf01555,2024-12-31 14:07:23
stake1u8m4te3qdheqwm0ur4zsle8p9yrsctwmkdjqz0f7mwn5d9qem5w90,94624,drep_always_abstain,531,87fe943b17325d71ecd91a7f25fa4dffc0f3795890bde986f99c7165da6942fb,2025-01-04 15:18:00
stake1u8p3cguj3tlj23lmtj5pjaxllx4z5kn5cr44jytgrzd960gwl5jqf,49370,drep1sy4x93yl9c6q59ewmhxpkumkjnlz8th4wfetddj8lzryvsu7hqk,531,a26387f779ef11f53b51d90e5623d0c1cf08364f167ec3286bd61c13555a1de9,2025-01-03 18:21:54
stake1u92mh44szcd9ng04vs0xtrrr99hj8h3q4qvt5ppshxkxu0s89nzau,5980,drep16tsw66jtrver8ur3y3zzq2fl0m4swl4lwk88fvu8d4z4ydukrj0,531,eaca73d1cd6ef60d45baad56bcbff80402104ad656ba1f346b57fb760b049c52,2025-01-04 11:17:34
stake1u93r3wpjgjf3w09zxe2uawl4zx8sdffzjnhh0feplh5vfdspf8pg2,47799,drep_always_abstain,531,f8b2edfb0a0f4eb52fbd7ff4514b3f8d0608ddd77314cabefb1126fd36e31655,2024-12-31 16:19:39
stake1u9jhpeud45v0dh5e83l4dd28wpp2jreu86af6nrfe8exvsgdsn8mg,133228,drep_always_abstain,531,41b39cf01f853fa71ae0329db77ce3286862038788ebbcad71c93c22a0e10dfe,2024-12-30 22:48:07
stake1uxc508y9vzanmvy0esxm5x26z87jrer30vwenglq8295lzqv4pjer,1071634,drep_always_no_confidence,531,49d73dcee756d24fca2a049653649f90bd3206bbc742d33c0a43500682368bde,2025-01-01 21:51:21
stake1uxm7acws0d878vujch6sv3prul2scyxyhutyh6nrdrgac0qlgvnyf,2055,drep_always_no_confidence,531,62cdcc7cdf9e7d0f1b9963290230e03925bc94d7af217dd42182ca35a5f73b2f,2025-01-03 01:50:46
stake1uxvvzsuuk8v0r2kksutrwvd2fe0kms3d4qh5a3su5vky53gjx9uqw,1571,drep1kyppjlhz4lawh4g0ewx2d8a5l20t4yclfnppnuvdkmt7vccg836,531,f32aab6281cd3014eb825860635e78561bc3f2d0587114b127619659ffbc7f9d,2025-01-02 17:21:30
stake1uxx8zupk02ql5e7cr6k8dym9drvwk9avhhevdd9xml7u3xcmzsz6c,146284,drep_always_abstain,531,5960d8d7806684df7719ca6e582cdd45a40aa2cc02b7e0fcc6f94c00ed7a5fa6,2024-12-31 01:40:12
stake1uy302f5fa6u6smdumdwn6vpwpky54l4twkpcxj9etkddhmsrcyqgh,379,drep1ejcahd27mx7325aj9nda0xg5uydrngxgc8z8wrtz6lcn2gs2exg,531,46d469d1e920c64987a1eb513f6def9f3ab6e385a6b880a3459627d01edeb3f1,2024-12-30 23:38:54
stake1uy5jeqagm4wagd4d2lak3v96f0p6qrtqwmuegfdzyuqmskq0kck56,45284,drep_always_abstain,531,757122af8e471f30132adaab9e2c33e93e52e7a34c47fc71f7f22a32a5eb6d59,2025-01-02 10:49:49
stake1u8e4svzxydzzqdq6jk9csva44evue8wnnthu9aqtlpc6tuca327dc,135262,drep_always_abstain,532,17561c5f6cd93aab3a7f4eca09b9b42d4744b3ccdbdd37342f77784fc6c55440,2025-01-05 02:56:21
stake1u8ewa0ed4lt8ttczr5rkhfmllkvpc0kkwc8e6ad0m7xgxhge8vs3y,134915,drep_always_abstain,532,c8b1073f41847f7b05baa47cd341181183a91c70af39f90060a84872442be877,2025-01-06 06:17:16
stake1u8l3j5aqga57tjj7d8tp3crtw8fxqhgsatyfzfjagx8xxjg4y9aee,49293,drep_always_no_confidence,532,b72b5a801efb87d2b448b7e3e39d5f36b49b58599cdd459d91844c7ddf6a33f7,2025-01-08 08:06:44
stake1u8l724e8a5akc3tzkxrpwes8unr6ef2sf44jsvyauamjy0gwmtg49,55049,drep1897nvzpn69pmpcgxejzgasre3mztxj7qf2hqs5se9n3p7qdc3yt,532,f58dd023b0e2b69b479bf1e7bee38b9f7bba53740c8e39272608548e5d85f6b1,2025-01-06 07:38:29
stake1u9p3cfg6uweqedzps87shmjx2w87hcydglu0qr5ysdk522g5muq6u,127514,drep_always_abstain,532,72b4c41ae9ce7da91d6487b093ee2fa4e8a58e71ae84f99ad0d6f80295f9f37c,2025-01-06 10:37:04
stake1u9syvyf5wu9x9s4a4wyfwjl7fwdu5zxlzduwhvq62dd55ncwewrv9,42354,drep_always_abstain,532,a78cc5dc6a3fd8b6d721ec2745349eae108a93d321cb0d678dce5921d4fefa2c,2025-01-08 01:30:14
stake1ux2hzc7fhnhz0564hyjvufcpwkqgjzgxdgv8ghwaj0mvkysenskp0,40121,drep_always_abstain,532,778af0f03f8a21f7f657198af7f9155de5f5362ad09d417927e6de5ba7d1a594,2025-01-08 16:00:15
stake1uxa5dcq5mqth24msu6ztc2lazdmqu47pqt52y22fc7kmr6gpn34u8,175219,drep_always_abstain,532,ce8e61b74fee70a592fc86e7a64368b5a84d4d5f50c0a49672d1812d03f310ce,2025-01-09 09:54:14
stake1uxf7uk9lnadevsarpen7d5kkkw6fyf07y0a03xnruyqqhmc0ukr55,40546,drep_always_abstain,532,4b84805db106a74aa8d536347fa0b729df008d0f13a29131b1d8be243d7fe07b,2025-01-06 20:48:55
stake1uxqey9ffrwjqxuerkqxk2endruepn5482ecp8t69u84nnwglf5gg5,5150,drep_always_abstain,532,c0a9e63ffa85b924bc15b3284f3836ff6ac2872a550395cd8c7cafb1e49a0509,2025-01-09 18:08:34
stake1uxw5ew4j60yqedlqaasc38v06tv4ce3lflvf0lh02xymxage6axrg,170874,drep_always_abstain,532,47b986637a5352b0dda3242a76bb9f9206c8836d161917af28129313e28d232d,2025-01-06 12:48:29
stake1uyh8qx2rvx9ntemq0mhyaxcku5x28tj2e6fgek4fu4zuxfccsllqx,38352,drep_always_abstain,532,56601e132767f7dcfd9da81380537e9210e8ebc91aec8e5303a851042e14526f,2025-01-07 15:56:41
stake1u8n9ktjen96zemtt3q9p9xjz6d904n72s94wp2gkllxw82q235xe3,1922,drep_always_abstain,533,5827d3280bff11ee7d686110d6f12ad543f9fd5ebb08296d1306af8586d4c854,2025-01-13 09:51:03
stake1u8u3587yqeegec6r72uy7vls6xswzzacseh8892nrkeaspqjugufd,875518,drep1q39wjtvhutnarh6yqh7qrmu32yqh0ns79r65yn0a2qa327x2rg3,533,32da44a5031b5a1d49bf89b6489dcdb8276dc88d0101abcef42ecf9ac67476de,2025-01-12 14:44:33
stake1u9ggtcevzx83fypzaj79axw73ha3k8tydpud24t37nx28pctkgvz3,35261,drep1cm6mupj0lszffgnfe3t0we7r7c9kwc6lxd4ad7dstf6gggtdqc3,533,1e077a4635c9068c0a22c2bb592dd27d2659d9073c0b7f48c902ee009374c290,2025-01-12 13:33:36
stake1u9ztm8w0dp68j959sjlq2xvky688qrxdm4tatd3mqxq9jzgg5muzv,35893,drep1ef0pqfwpc8qlfvq22qxflz0jzhtxcxx3ufj3ck8z9mupxjcsz3v,533,5e53bf37ded5c6ab90ec1490466854f40f1f998b2bdc6e3dcecc76cd3ac115b6,2025-01-13 15:22:05
stake1ux0fxldmuqmkzaue34au8mkcvjymutn2muglqnqwhnz5nhgqaeycg,221928,drep_always_abstain,533,136f42d36c5bc6cb8b8e1b8844c23a5ff8b5d9004930170c013fe0b1a8970edf,2025-01-13 05:22:02
stake1ux3y8ks43nmkwtc83wtw3vfglvgfky8pad3avewszcvzp2cfds7qe,110183,drep_always_abstain,533,609a75dfc1de7d22ff0c01d9f37ca30d5e35f0d2d57ee5ec59ba51237987e4aa,2025-01-11 17:43:19
stake1uy5zqhceuaueu09h4snye4z0wud8tht4r8e83g4cwsz6rjqg68re5,65753,drep1rzyq8kfvk2wkymvj6rhxttelrwrky8mad2cz6kajehtz20uev0x,533,526454113efae129e4cb5c3c0320374435b58b7d761bd2264d98fea215e4ccc4,2025-01-12 14:50:56
stake1uyk0pm34f25fyj5p9znnmyjk3yrqqyaw8c9qlzh9gqg2faq7uaq4t,189371,drep1kyppjlhz4lawh4g0ewx2d8a5l20t4yclfnppnuvdkmt7vccg836,533,a76b3b38801cf84de33ec940b6147f7f3ba9db04096073637b975a38631865dd,2025-01-14 02:45:07
stake1uym0twsul4werjc233zf3t3ta6ustnmqp5xz82hpmml2w4cmw90n2,128597,drep_always_abstain,533,ea116652abc30437c975a9f550f3e03eed6b467eab203c16dbc12ed79299d9cf,2025-01-13 13:19:57
stake1uyswe3ysnd8dqlupeaj4hhyjle0av92zk8q3l6tyh7ah0fcssyqud,134602,drep_always_abstain,533,cd5b080742c6eb0031c7aa296923ccd71763b83da3e0ba2985834c3e7db7dbee,2025-01-14 18:11:42
stake1u89p4hcl0pquy9vtehlv09er6j46hwl7gavp7xnngvps0pc7eh2kx,1264490,drep_always_abstain,534,4436d3743a31d61631d9fede2fa362c158a495a3429b0567b1fda6720f0ebcb0,2025-01-17 00:41:29
stake1u8drgudt94yadfan63ld2qsz5fwkn0mwrtg8xtjdggupjysw0r43v,124833,drep_always_abstain,534,9fe11276889261922111ef87f189b05ed8844475fb88411464084e866b255917,2025-01-15 00:49:14
stake1u8hk80rzkvjmzp7jajdw78vusz0474yh75spg3dcs0aeqzgvdxmkh,94602,drep1kyppjlhz4lawh4g0ewx2d8a5l20t4yclfnppnuvdkmt7vccg836,534,51dd04dd30d253e4cbc70500e20bbbaf317538c1329b986682d19836bd290b9a,2025-01-19 01:25:26
stake1u8hk80rzkvjmzp7jajdw78vusz0474yh75spg3dcs0aeqzgvdxmkh,94602,drep1kyppjlhz4lawh4g0ewx2d8a5l20t4yclfnppnuvdkmt7vccg836,534,39565bffd22fc583acbeb8ba9f58317bf337078228b9dff2621bc19dfeaf2c78,2025-01-19 01:23:35
stake1u8m4te3qdheqwm0ur4zsle8p9yrsctwmkdjqz0f7mwn5d9qem5w90,94624,drep1kyppjlhz4lawh4g0ewx2d8a5l20t4yclfnppnuvdkmt7vccg836,534,322ab3e9750a6e4d97d36d289f1df6a7210bf16b9607c22ef7deee7b16d6dd51,2025-01-19 01:34:51
stake1u8qynfk9kd8zx634zr8qjc7q47nyewf7cvcat9l6ahmlvuq9hcgkk,2258,drep_always_abstain,534,71e4e5f75cdfb6a163a8f210072eebcea045460f80f1ad68c6437bb57ea09a15,2025-01-17 03:00:58
stake1u8tcdp4xejtswx2tvvxyr8ahhrdy9x9cjfvl38fw5wk7h6q70m05r,30223,drep_always_abstain,534,36ba1ec0570ef402a167f05552260b55005d74b6eb08eee0535e31ace419659a,2025-01-14 22:54:31
stake1u99teu3hmcr9kmdyz5cm5r0pp4m6sfx2d4awnxqk4x79k8gflfs62,3632,drep1nw0s4rsananj6d473p9uz9yh08jlpl8krc2gxgv2enrg6vuem45,534,29382f736294ae163b107f3415af3f896d33759bc6ef60fba24721e0c422afbf,2025-01-18 11:08:42
stake1ux8edpv0urhj7qdf4039zwfyy40yj40p757yx2nd089v3zqapfpng,125703,drep_always_abstain,534,89c099350adff09e1c136070a82c0f63e518c5ca78964de8171d6b8c54b2cb46,2025-01-16 06:53:33
stake1ux8pra0etcwhze4yhmkrk42hk2yg7a7rhae7v69mr08wmfsp8fst4,1777,drep13d6sxkyz6st9h65qqrzd8ukpywhr8swe9f6357qntgjqye0gttd,534,95f90e3d53fce302d517a7ea294c7119a567ea33d90ff11d43bfa590398632cd,2025-01-17 16:16:27
stake1uxydum0akjs0fpmlw4k9ve73y9feml77mecl5rzslx9rnqckues08,39345,drep1lx4gzl5xvmdrthnkrtc4zxdadhwsyz6rz6r80me047t0seant4v,534,479fe73efe93b2a614a88e1f58cef7603d9f498b873b8c575273571f530c3e9b,2025-01-15 22:31:07
stake1uyhtedcw3t8xhtysgn8wvey4whyps9qax3mavg0zmxzql5qqnlkuu,27984,drep16tsw66jtrver8ur3y3zzq2fl0m4swl4lwk88fvu8d4z4ydukrj0,534,bb1b1765d0d4f3b90be6388207abcf9251cfdfd506749e2721f5c5b1275cde0b,2025-01-19 18:18:12
stake1uypu5xemx49uza4zvy49xuhcf28rx4ltq407kema83xhl6sr5f3j7,54710,drep13d6sxkyz6st9h65qqrzd8ukpywhr8swe9f6357qntgjqye0gttd,534,42ed29d4dc2d8b60697185e0908ba00133146becc9b1dcdb885f9a005a60416d,2025-01-17 16:19:44
stake1u8uffz9yd33f6mpvnnktgk6c0mrfma3qy2er3ceknpj25kgyw3me9,56455,drep1kyppjlhz4lawh4g0ewx2d8a5l20t4yclfnppnuvdkmt7vccg836,535,f4afcda0bd1d5636ee71eef4405eab336b498c7e8a5a7c2458acdf118ded5057,2025-01-22 18:19:52
stake1u8xle742mmtuqt5q2d4vqsgltnrylw06z4rmw6cx4jxefvsygwrgd,183446,drep_always_abstain,535,b7676193edf473f2e1d51fc77022742806d0acfbd1606790aba51d466873482a,2025-01-20 14:25:46
stake1u9865kk28q5efe5kk92sa0fqsynu8wuwxfnckwyq5rxeydcmau6wp,63058,drep1000002hneyj7jl9y95m0zxdsg6dp9n9y59lvlm7xjqp4qh2jx7h,535,03268ca5ca9cc8e571dd80465a2d939e7861594ec999e17fca13c881a632c5b9,2025-01-24 11:54:20
stake1u9m6jg0anp3cp9t576yzpvymhmkqq2gq2wy95cd20wm4clqsxa2rz,140840,drep_always_abstain,535,06bf744a4a8be123f30e299917f330984a0f7d01068060b2500fe5645131650c,2025-01-24 05:54:14
stake1uyqxa7z26ewn7h7pk344s6sc36nvmn02732d264js8gr2kqltt2dq,126890,drep_always_abstain,535,bddf34085c3a8aedad4e49f32d93e4e0948e2ddbc1330dfa30ab17fbb3f36f8c,2025-01-20 07:31:22
stake1uyy46c8np3q2msclehqpd0fmvnnud7257lzmqevy2g5qhhcq4fhnl,217662,drep_always_abstain,535,1c176530c65db6381ac49f83deefedbec169a9ecdaf765ed0f534513b246ea47,2025-01-23 01:07:56
stake1uyynd7n304cxdn39nl4z6zmjryelksvn7luua0swxaeakncqr76fp,133123,drep_always_abstain,535,d83c937de34c7c6252aef35b15f1fb74bfd5c66d6bd4262bdfed0f3c6afb4768,2025-01-22 04:42:39
stake1uyztkx4d8para4pasklp4s2n2ygux0flmwxfx6unmpddy7ss47f77,56487,drep1kyppjlhz4lawh4g0ewx2d8a5l20t4yclfnppnuvdkmt7vccg836,535,eccd7ea84643b7c065f31e4636989c005bd01f1fd0d08e5c418fbf92146e7984,2025-01-22 18:44:12
stake1u8225u7xmsa4gg9xts2y9k2yc520xc04mk7f4mvvhlmkjmcvs9pvm,70687,drep13d6sxkyz6st9h65qqrzd8ukpywhr8swe9f6357qntgjqye0gttd,536,906bf97bdd5d0609b587cdb7ee5d33d9278a4a3838704ca22c4c50853523ceb5,2025-01-29 18:36:28
stake1u84yyvdrcwnhseszll8s6fa68egl6vsc7gqq7e8rv09f9ug6n0uep,1877,drep13d6sxkyz6st9h65qqrzd8ukpywhr8swe9f6357qntgjqye0gttd,536,eaac818a8b48edfe4a21f7ad9f7ebdb9b47b93c0da12262bd0df66d0f480c3cf,2025-01-26 22:48:07
stake1u87ztrjuwfn3cuxt7ctxg5megqkzmdleh83yl5pmgdyrl7saexnnr,1543454,drep13d6sxkyz6st9h65qqrzd8ukpywhr8swe9f6357qntgjqye0gttd,536,5380eccc575a70402c71559fbb3c49fdfb37b8774b109fbac446ddefa9d30883,2025-01-27 11:31:02
stake1u89p4hcl0pquy9vtehlv09er6j46hwl7gavp7xnngvps0pc7eh2kx,1264490,drep16tsw66jtrver8ur3y3zzq2fl0m4swl4lwk88fvu8d4z4ydukrj0,536,73f7cfe42209643f9f85000dd34a3f46eb7403a859f3e0b2e68718518019992e,2025-01-26 22:12:17
stake1u8n9ktjen96zemtt3q9p9xjz6d904n72s94wp2gkllxw82q235xe3,1922,drep1km69g7ksf8t5g0h9d9tkrcd2tezxelx0wtr76rv2mrkl5nzd6v3,536,75e6049985ea5f54ee9b0924559b206ff4c8202993e91871329ae7a2cfa694f4,2025-01-24 23:42:45
stake1u9c9gr4rpszcqgxfrnscnmudrssp43yfdprzdexy7c0t9pcxlynll,3157,drep_always_abstain,536,1ac74415473cea02fc20340f289817418139a25fe1d26deac02807ba0511cc74,2025-01-27 15:59:34
stake1u9k0zvcsdxl7cdl2flwcm44nfcce27zgu4tpdx6e2dz58mse5nndz,37634,drep1n6gwr6wsyhawt2lewpssmqqnfu4ss75h0stc25lkpsl2q72gycy,536,b3723ea76c896f890a6f2ca46b16c5475d0e1671ae4f488aeb14ba7b9917d079,2025-01-26 23:27:21
stake1u9q3wu3h0cvt0hqdrzxvjulnphnvs45ryt0dtzcs53c8wwq8nvzgc,49401,drep_always_abstain,536,49524ca6566f33b94655945fea16a738a06a1166a9bd6986d41fd11e8d719c97,2025-01-27 16:10:23
stake1u9qkdu2zdhr97yj70unfystallncu84kh48czlwphpkzhqccgf7uw,39085,drep_always_abstain,536,8ecf81ee85e21651b9b2857a4a3a5f6fc90e04c8b4357645e6bdef868b25fdcc,2025-01-26 15:36:09
stake1ux4h4ckrf2e95rrwwj9ucfhpc0u7wny22jhwwl4u53k7slqhz5ll3,110804,drep_always_abstain,536,70066df479dab302d61eec8729ba7c488132dca1b23fe0950620a6fecbee4e82,2025-01-25 12:00:53
stake1uyaup0wlqyrl93d26v4jz0ml42skzm0hnxqm0pa2jan4q8ca2cjc6,34297,drep_always_abstain,536,29596a80554095f10bf6094f7a89f49c2e7e8597ba98a8c73bc9fde0a442d280,2025-01-26 01:34:02
stake1uydh39x5swelphmhlyupkehsjs2w9ccyr5lcmq38jl9latcd58gge,37749,drep1n6gwr6wsyhawt2lewpssmqqnfu4ss75h0stc25lkpsl2q72gycy,536,a3051fed51ddd81eaf34d04a78c7da27f8190977462f7d7d1d18253b3a6b339e,2025-01-26 23:24:24
stake1uyv9tnmz5v4s53gk4m6pwym8p9rrs42hncyn50z8vukl5fqgde9pg,933107,drep13d6sxkyz6st9h65qqrzd8ukpywhr8swe9f6357qntgjqye0gttd,536,af67ceae06faa58d9e4ee4ce560151589edd4a19365554dc69e2433985038f9a,2025-01-26 22:17:30
stake1u8tf44puxjcykfptqxq9zhn5v7ezlzm6e20wz0t0pmkrtuq0ugsk4,223267,drep_always_abstain,537,3043b1bf826cb074492916af82827e1eafc0c0c638bfd6ef8d7bd62bb97ade9d,2025-02-03 07:25:14
stake1uxvj5j0untjle8y2de8fzw5m8cvgynpkys0aewv346yykmqdrawr9,1311,drep17rksqsgqx8ej3rtc3x4gjm8a44u6w3qcshfm46yc9tq4zeffuzj,537,22218769396ec4915b7f1a1f9e631dc8d8b241e1dec4f73eee5ec289e3e255d2,2025-02-03 13:33:18
stake1uxy88kf7gf4gdk84gjm4p6ut3xl8hqwvfje90eyhzdy39kg4av0lc,106138,drep1ydvwp8x9j8u4flwjqwxf8jdjwp9p4zf2x4rk7vv7fgzk6j2k7c6,537,5d5d3430c6f5c43b0267c3182dcdeb835de65e772bd3ea643379447e94841f4a,2025-01-30 18:49:38
stake1uy302f5fa6u6smdumdwn6vpwpky54l4twkpcxj9etkddhmsrcyqgh,379,drep1vjwg9fm0h8f0qeg7txujermuzcum8tnxrafpqjj23yr02urhgjy,537,e3affcd3206c2030f635b16754ac7d32bcbe56d7bb0f6f619489b10b3cda3c05,2025-01-31 22:15:37
stake1uy4lycxslhmwk9e7v6gkhuyl9ak9jk7g3p8mrjlhaa56erg2jnaff,30531,drep_always_abstain,537,6d3870b0777a84d544ecca34a38de72c58f86e6241e99c9a3baab30bf0aaa727,2025-01-30 09:25:00
stake1uys30qj6d8atdqm9ty633634m07ht8nrvdkhdduqmlakh9c2cg24e,104271,drep_always_abstain,537,f456e61650b40e8bf3dfec57d7fb8dde63bc26b2850501d75ae515a6b5b21ed7,2025-02-01 18:15:16
stake1uyv4xtgnhpe64vn9ueqppkzjmy0xtzl9hy657er8j3x2dec0s304t,3049397,drep13d6sxkyz6st9h65qqrzd8ukpywhr8swe9f6357qntgjqye0gttd,537,bac0136c8634016dc7d7d16a570aa3c9b1eac838167e4846a812302b57788d00,2025-01-31 04:49:06
stake1u8335nwtz4hyapv4xefmqj2yd7mju83pvj6r7sz48ku6pss9agrcs,17398,drep_always_abstain,538,a79e243b102ce3890e1535262140be579cc51d37c2046f971f182a15e86d494e,2025-02-07 05:25:00
stake1u8335nwtz4hyapv4xefmqj2yd7mju83pvj6r7sz48ku6pss9agrcs,17398,drep_always_no_confidence,538,21e2b28a65348f1c7136da6a0e9d26facad1a173c7905956ea7b2244c5b91125,2025-02-07 05:25:00
stake1u8335nwtz4hyapv4xefmqj2yd7mju83pvj6r7sz48ku6pss9agrcs,17398,drep_always_abstain,538,872d4ec0fa0f44a5022b52196af462bb90598919a4abcad2e68d2c1b0039a3a3,2025-02-07 05:27:00
stake1ux28yyldalcy92hkg2ycr90vu7ll4c8xdczd4vs4qzqu84cqvk7xq,1695,drep_always_no_confidence,538,c4829694090a835ccf542e9232812c9fcad115894a1327b4edbf98ace3d5db55,2025-02-04 23:20:35
stake1uxgqjmjen9yk65fn39qe6end0edd29ef6hxv7wl9f2qvg0sjj6xkr,39985,drep_always_abstain,538,bdc26cb827a741fbe809e875d52cd285d875d46321dafcd63dd20bbd8f0ada84,2025-02-06 08:47:11
stake1uytq3hcsqs0n4u6j3jkgetxkwwcu6d8x83f7rje8wa5dp9c5tk327,182185,drep_always_abstain,538,39061db232ee5d5845b2d9fbf9829b2a04757781334f7d1a228e30a29bfd5b6c,2025-02-06 15:11:15
stake1u9ggtcevzx83fypzaj79axw73ha3k8tydpud24t37nx28pctkgvz3,35261,drep1rzyq8kfvk2wkymvj6rhxttelrwrky8mad2cz6kajehtz20uev0x,539,09f0f041f088e9e82983f543d327d386aa61d9dcb85d7601f0c65c51378036d8,2025-02-10 08:54:07
stake1uxceaj0y0v8fm0v438cy38tuuwv0da802x7vrfr6u7aw5fq3vpm8w,416114,drep_always_abstain,539,eb03f7e3121326dbf7d3dcef96d284ee9b98bc0be59cc1818874b9e1e2caa781,2025-02-11 12:47:50
stake1uxgqm308gd7n0yyrev7rq2j547e6asegunpy86kvfk5dn3gwtc0c4,126138,drep_always_abstain,539,d2ee6a8f3b2267b7cfa96f794c02d9da4c05804b9ec02d2bd1b3fdb9deea3541,2025-02-11 23:48:07
stake1uxgqm308gd7n0yyrev7rq2j547e6asegunpy86kvfk5dn3gwtc0c4,126138,drep_always_abstain,539,06ece512f23ea8a1d0ded5ab97dae768289770761affd402fd9a27064e088bd2,2025-02-11 23:28:15
stake1uxgqm308gd7n0yyrev7rq2j547e6asegunpy86kvfk5dn3gwtc0c4,126138,drep_always_abstain,539,c261373b7d23b76ce1695c7d17b77c5e4a8117a679762fc1d3c8ce233c87d3a1,2025-02-11 23:32:00
stake1uxpnw9v7mfhckaqyjq44z9g9m7cu0q2dq6wacgwylluuz5c42cwzf,81669,drep13whcp5axqsjv0y7a8vd550prngjx5254mlj9cjp5g2qxvtf2tpr,539,e0b61929967f01a68067f029f1113598a1650132a5cb7a1a784a90c13bfb955b,2025-02-10 21:22:38
stake1uya86xrrtt4q2d6nldmkfv5j5anekkyu832vc9erdlzwnlgq04cv0,581919,drep1qz8frp3eq58v3dcguhv0753yt9gf3g50plrxw8rxu2f2krf2p5d,539,386dd8b45d8cd899d2a5aa7ddd2f6423de7d98db5c5e9d3189e5583816331306,2025-02-13 21:07:51
stake1uyfttma99ndgfclfmyxvl706edjdkqqnyk349dg3fqcfmkq7v5kuu,156566,drep_always_abstain,539,1ff73b9c3f364573eddb7a4e1d03c9333e21016a69eb6414ecba246f8e929d36,2025-02-13 06:04:11
stake1uyyq84787s9t5hdw2x8lz4efr7wwrqvkvfh0pnw7wzqknvsg6jkha,50296,drep127pc58jyky40fvess0c4tjxkrnkf8ta3sfltvm4ptypqc5fgav3,539,a0738edafa1c3582be5fe7d7efb7b84f84ddd3dfacd51644a039cba18168285e,2025-02-10 12:01:53
stake1u96c05xk3jhlz8tr6nm59w5pp9saktcczv6jrm5drd8appctwsawl,50261,drep_always_abstain,540,527e1192f2d0093a05da125d1d2372efd970a0715ee71d48a4adc1392e8ea486,2025-02-16 08:57:05
stake1u9wlatkkprdwzp2rerx74p2v3mfsa6ruj0ndv3um9262vpgr3fhk6,142499,drep_always_abstain,540,2e648e46d24022ce5e0cba2f9ff4ad71f679f4851c47a5f613c30c578fdda109,2025-02-14 17:59:57
stake1ux5flsz8r2me8n5eq5d99peeyssj5tqtruk73rumncvpurc8mpl32,130510,drep_always_abstain,540,34f84ddb327edf36b4c360d704da74f5290e3712d4ea22e407082e9eb13a774c,2025-02-18 11:19:03
stake1uxgpzlyl0yn3ln6zn7y9af50dnhh0ye2nn4q2l4vfv2hj5sxxy8uh,125687,drep_always_abstain,540,ceabeb376b94cc81f73b49ea5ca333dccb0b161226bf2ac5c735a3ab913b8218,2025-02-15 17:57:45
stake1uxgpzlyl0yn3ln6zn7y9af50dnhh0ye2nn4q2l4vfv2hj5sxxy8uh,125687,drep_always_abstain,540,ff2ccbc5ae12e99484a509995480cb6f64a30e41a9e60d7b855d9c669518179a,2025-02-15 17:50:53
stake1uxgpzlyl0yn3ln6zn7y9af50dnhh0ye2nn4q2l4vfv2hj5sxxy8uh,125687,drep_always_abstain,540,92c00894a5c9edd9f23af3eb8ac0c5bc522936be4c0f168077b35fc72a196518,2025-02-15 17:52:00
stake1uxw6l5ugzh7pgnhetlwxka3pl4t7wfysgde4r70tv8axfucla3kz2,5043,drep_always_no_confidence,540,b7abfe4bc2a5b64510b2f45bcefba819f4850d671f4bff395a6352201f3e4d27,2025-02-18 02:46:29
stake1uyhafxgma67uwg5a7899vdaurr77e8fjpfl3j964at63x7gkenvza,1475,drep_always_abstain,540,fa04f4fcd93fe4876f10df2c4674aab3c00eede49f4b97b1a46593f8b4764edb,2025-02-16 08:56:45
stake1u9ruk840fl3032m6y0uett3awzgajf593u5yd6sm4h43wqc6qav3e,59362,drep1ysy0kzhamk2cvfzrql50unfj9jkk2zffxtaae5zmc39cs3uec6j,541,fb354933c1a810bc22fd9745ca3873ee1e4f6d8d8def75cd5f1ff1c8a4e1d801,2025-02-22 11:24:21
stake1ux76s6wtpukvg2lvkudhdx9lajeyj9h6e4h2nxpfwvyh6psjfz7la,2591,drep_always_abstain,541,ce69545da58d012762e357fd813068be20e227cb1f4e9d2006b7a1f7ab7af910,2025-02-20 23:31:51
stake1ux7kcs9gc503ugy9347anm9yufh8h5prlycj005m5qsnh3sen4rrl,61311,drep_always_abstain,541,181d3f33a804d409fb97315ae99b42d447dc3388bee086ee9b39613c097aa3bf,2025-02-19 03:31:11
stake1u854dekkk3sqs9kcm25r9pwzy26kaqv4ufkh0q09kyn4tjqu2zr9x,133912,drep_always_abstain,542,e267f09cd9a7d14d63dbbe0c0e65158188c3c712d05c33c776c6e64707b21aee,2025-02-27 19:27:05
stake1u88k4klclu5gumx6y96cu3lumyxltjavpjkl8memkz062fg43dd7h,137047,drep_always_abstain,542,7de5a1d138e482cadad77272adaf7f0bc981986fd3a7e94de83549d3ea018a5b,2025-02-24 04:44:46
stake1u88k4klclu5gumx6y96cu3lumyxltjavpjkl8memkz062fg43dd7h,137047,drep_always_abstain,542,f37cf277b7a21da1e2805a02fe43c2990cbada0ddfd762f175f593f4a891e854,2025-02-24 04:46:07
stake1u88k4klclu5gumx6y96cu3lumyxltjavpjkl8memkz062fg43dd7h,137047,drep_always_abstain,542,f6afc3dde48cc544c41b2a779c6d9cf90ed57405f93b886f2bc7fcc57598c937,2025-02-24 04:54:29
stake1u92hc9ppvhs6eddt6qxrdk0d8k5syn5leh0p2hy6cjezymqw4sm3x,1965,drep1alkaplr0l7lt9fva4zrduvke22m8tsntw380p2ery9w7gpf74km,542,de2e255ba9a6dc400b79754da38956a1a145f737bd843ccde12552bf587e16c8,2025-02-26 13:26:44
stake1uym0twsul4werjc233zf3t3ta6ustnmqp5xz82hpmml2w4cmw90n2,128597,drep_always_abstain,542,42f52760d933ed3988926eeb715d4d4d989fd335505d902ffbfc80e3bce5ede6,2025-02-24 00:43:36
stake1u84zlu493q8js5y3g093vz4vzdxsyjzejzekz45sv8rp2hqj9d0xd,49938,drep1000002hneyj7jl9y95m0zxdsg6dp9n9y59lvlm7xjqp4qh2jx7h,543,52ccd0d1028634b6986c49159b0f029d23741e7f2acf500cce03f586ec7bb22d,2025-03-03 00:58:32
stake1u88ydt9f3et23w5da2kt7xtstzknsrv8ee6u2e24msjkljcj0k6y4,4048949,drep16tsw66jtrver8ur3y3zzq2fl0m4swl4lwk88fvu8d4z4ydukrj0,543,df973a00b87a3bd8046819705b24a51448ebd610c700be0114af97fda647c226,2025-03-02 15:09:25
stake1u8s0st48xdlj7zejtupu8a9wasncps9hflrjnd08qa76yjcytu6lx,56692,drep13d6sxkyz6st9h65qqrzd8ukpywhr8swe9f6357qntgjqye0gttd,543,738a387bf39e278b3fc20a41f3a8383ba0d33c6ab147d5aa371b5ac57668a8bf,2025-03-05 09:33:12
stake1u8srkt6xy3fxvaq8406dlp0en4ylr8ydhznphzt87k2cc8czv9z62,50692,drep_always_abstain,543,62be0d7d68afc6f44e65a1a6ea70fe8a15c6cb4e6a0e66cfbe6ac91c3202ecb7,2025-03-03 14:00:46
stake1u85dwpzmj5w90dmrr05wyhmj5nw3xrjewuvur367h4lusrgzh0dvl,106278,drep_always_abstain,544,318b8b5115396b32b00c50b6fb656a6407699c94c5d49baa47f25ce7cafcb93a,2025-03-06 13:47:26
stake1ux3p5tyfc3jt54843qwpy69kf5a993vqghyndmg8gjg98ds6zxefm,59815,drep1n6gwr6wsyhawt2lewpssmqqnfu4ss75h0stc25lkpsl2q72gycy,544,56aec6284849c52bc11e5b053c95fe58064fa7a74b2a46a7b2f91ac0ba635c2d,2025-03-08 21:31:30
stake1uyfttma99ndgfclfmyxvl706edjdkqqnyk349dg3fqcfmkq7v5kuu,156566,drep_always_abstain,544,6af1a7cc6363a2c2ced944ffad89b17dbe56be66c753ba63df6079a7591d8de0,2025-03-08 20:24:51
stake1uymx9er3mtcfphqxv5p2h4x6ruk6dz3yhclt6gc734av6tcc6yuu3,46523,drep_always_abstain,544,fae626637541ab63a01147c9eb912f0ffc3b42a105e0171cd8048cdabe45547f,2025-03-07 20:48:41
stake1u87qqlqcxxr7k4hfgwvcdp8ewm0ullahjefmrjx5svel6zqw2ts3m,130052,drep_always_abstain,545,624e3540b05dc38976d008b3767ef31dc62575b7047d682e703b4603a9ff8d49,2025-03-12 15:02:14
stake1u89zwwc9sntxuh2e7qtjydkfdse9fv8uckzqvcg2xp6yw9gj6yp06,56680,drep_always_abstain,545,81a51709c4e918647d72434dcc7781d387edb81cb69d21a87a3a9b72c3e763f7,2025-03-14 05:10:54
stake1u9j0esyf745uf954r4utjxrljpvyzgtv9syl636vapms0sq5vuc3j,1237801,drep_always_abstain,545,519683ddd6e9bcfd7bd460bd83c6b9b0f6aa7a34e7e11f59bde2e71990fe573b,2025-03-15 15:42:53
stake1ux85rm2u9hmt8qvgwa62yf5s8yvtm9qp2u9cwjp63hhwvsqpc90qf,90779,drep16tsw66jtrver8ur3y3zzq2fl0m4swl4lwk88fvu8d4z4ydukrj0,545,942357645cd6304477850f58a7978b21f9c79b81e4575c5ddf2d4344431e433b,2025-03-13 10:05:04
stake1uyr8ym97xrvfcq85t6h6jgwynfvf7uz0hv5kf2qgqcdmxzqejwk7q,54364,drep_always_abstain,546,3941468837a169ad070754e9e815259593e58734696f4705776de9209fba484e,2025-03-16 15:06:42
stake1u8j4rp2p6evmdyf6tz96ak4dvkxjxgzn9lhmeg3x9gk3xzq95qk8r,111103,drep_always_abstain,547,658d7901e46ae9518ba91f5a55ea74273a294734aedc0ddce0dad4b8ff6411d0,2025-03-25 20:49:20
stake1ux6dtjz2yczd89kxrkqq6mzjv26ap6mhccrtu9qvdx97wgcppwhfz,58082,drep_always_abstain,547,d6e83ccb23d109f244dbda3dceb1324573d83014ba1b722227acde6b0e4266bf,2025-03-24 05:23:54
stake1uyaexul6wl0hxfttxzv3rajta7mvvtppvyt6rlqh4f5ms4q2w4fqq,49604,drep_always_abstain,547,fd37b16934f40c85869a05bce752248904188e802f43dfdf90cdefeed8693ec3,2025-03-21 00:23:44
stake1uyaexul6wl0hxfttxzv3rajta7mvvtppvyt6rlqh4f5ms4q2w4fqq,49604,drep_always_abstain,547,edccf00e01ae13bc648c4ba063c675cdf919d6677b3c926dbfaf564946b37c8b,2025-03-21 00:17:12
stake1uycjwj79u2yxvvavuuufnyrvy58sskkvyzf0we8k9w8j50q2tpd6j,57703,drep1qe2l8gw8v7ydswfp9twytxcc3wzwdq8npt55f3vnlgv2u8sx3nt,547,fac1c6583406cf543ce953619d9bfefc8cd50327d35007cecc3e1dd6a3344064,2025-03-24 19:25:21
stake1u8aklfydyauc3nszrf74guwze4fvtatwxf8j89tdyns27wgxfz4zj,42812,drep1km69g7ksf8t5g0h9d9tkrcd2tezxelx0wtr76rv2mrkl5nzd6v3,549,f5671a28a1d9f2c7d7004f4cf391343f967dc718467a27d08c79215f62ce6e10,2025-04-02 00:30:37
stake1u9lwu6g9j6l2dc9dqx9rz8ahjqupwfxme06rrxutfrerw0cf6curc,106804,drep_always_abstain,549,5228d60536449d0557ab06c22ca7320cb38dd5baeff937e37a1febf8349d3fde,2025-04-03 19:32:11
stake1uxpt0zljvam4zmzd5yh7eellqm24ta52pct726xsfw8a0sq85dw77,294456,drep1qe2l8gw8v7ydswfp9twytxcc3wzwdq8npt55f3vnlgv2u8sx3nt,549,d14e1bdae3eae246302720a0096fbda0a65c979a491286ba8648710d2234f126,2025-04-02 16:38:54
stake1uyrgc2hk6u4qxlvd2jxzy8cg39hsrqd6yraneulj3z3vancvu68p5,116149,drep_always_abstain,549,766d16ee471d4f71baeb400682a7b261d9b36f8050deb5185c6700771d44bd24,2025-04-01 05:55:09
stake1u852jlen35rhwk3eqemqheypx5sneg7dlsd8mh835s6ef5ckf60vq,2263413,drep1qe2l8gw8v7ydswfp9twytxcc3wzwdq8npt55f3vnlgv2u8sx3nt,550,0150edd0a09869ebb8b070ce0a1b202294f181ec382210cdc0f3240c1dbff864,2025-04-07 07:10:48
stake1u8679svr3dj2gshpzlgmtqdzsg6uz7mx4tlkynv449sc4jskueprt,89873,drep1qe2l8gw8v7ydswfp9twytxcc3wzwdq8npt55f3vnlgv2u8sx3nt,551,10021d95d18e0caebc41a1d03197155c92931dc41b120ac15dda71049b776465,2025-04-11 11:38:39
stake1uxe90nw4q3mz7pu92qv79lnhceytuaw3s0fhslrcadgw6egpnrh23,49195,drep_always_abstain,552,9a3b68d2fb3cecf4b9b8b91611b75c24d63c32cc907fb3132baf3afe9b1f3617,2025-04-17 14:36:37
stake1uyngkehyyzgvqx7asdw43v47hd8g5y69vy3cr0khdm0mercjg3v2w,142665,drep1qe2l8gw8v7ydswfp9twytxcc3wzwdq8npt55f3vnlgv2u8sx3nt,552,3571f57299412d9bdb3ae0004c55d79c4141441dc74914679af40c4190093f22,2025-04-19 08:09:12
stake1u9kszwpkmnkdfwsvsxtx6stpcekzcghgg7q7wg9s2ryu7tcaz8aym,96998,drep1nukj2haua0dfu80tpzss0wz66mc6lwwnzjtxwrq325s8qqs3g2c,553,9c14fd4946022f8af6459f2f6cb3c9ccc449024f4768e1ec2d1affbff48a3575,2025-04-24 03:57:22
stake1ux8ydvwvg6r4suyvfvyz0m3vjurgcmjqnz9fu6h9jd3vx4sr8d53v,136988,drep_always_abstain,553,6a2056826ed371157fa1f2e8a382e0d8741a2b2c61c8a937c5ec6418a29f85b9,2025-04-23 23:39:46
stake1ux8ydvwvg6r4suyvfvyz0m3vjurgcmjqnz9fu6h9jd3vx4sr8d53v,136988,drep_always_abstain,553,9dbe2236e91724472ed4c87780c2d5c04861cf373c95a7215d708d9e2ac8801b,2025-04-23 23:41:08
stake1uygn0xj2mvy06qw6hgllywxh23pllkm5ttt3r7x09yxvutq9lgc39,56424,drep1cm6mupj0lszffgnfe3t0we7r7c9kwc6lxd4ad7dstf6gggtdqc3,553,15f2463c4a41b6746c5d6a72abb2a143a02d8b5f1196cb5429b6102bcd13f526,2025-04-24 11:33:22
stake1u8c0w9n5d4e00flatvt88ea56tcgj3wt874c0a8ur7jlpaqxxwdmw,910,drep_always_abstain,554,ffd99d1ef373f1abf773ec7fee1f44a703909f9a946afbf22862a4d7b7c15790,2025-04-27 01:53:23
stake1ux0rmxrsrcl8fulqu8u08p5p8gmjpcp7263srlcen9jy48sdz2a3p,39289,drep17c2cvvx6d2xxwwwea6d9w4g8jnzprnxs3ag8mawf45kvvswfhgj,554,157de81695e905523c1c29de1af0d6d11255901c69b9e0cfedac8cde1c971e84,2025-04-28 16:00:08
stake1uyewt9m6n477ru0qk9d8f5h7t90cv94htngha0xadt0t0fc9df78g,7673,drep1qe2l8gw8v7ydswfp9twytxcc3wzwdq8npt55f3vnlgv2u8sx3nt,554,51d4ac4257556985efdddcfebc3d153ef1a89bf9c71ee23b8e5916db054a2f78,2025-04-28 20:46:23
stake1uyf5lrdrutsyled6gndqd9sk4a58h5m6ja9qv5wp0p800hcllde0j,2998,drep1gszrx2zmplzan8e960tlhrlyutwlmmpgtp5h8xukzvr5zasda2p,554,07cb75b8cc740af71b9eb442b4a39ffadcdaeeaa944dc9df030ef33514f9c802,2025-04-28 20:14:28
stake1uytrudmc2m74p5529tjs9g2j9csls4vdzzcjc605yvjq04crn2pfv,132272,drep_always_abstain,554,11654b8b45162cd670b141c33be49c113630ef50fc3c97652ca8dbf6e57e1b40,2025-04-26 12:37:58
stake1uywszm9yaegf9xur7whryn7s989cxv40cxpu6kutq2y07pgu6n2a9,54847,drep_always_abstain,554,aa1ba8abf563c90d14c2006020d5618a6113ac1a9673c3524753b6d3d505a4ad,2025-04-26 18:02:35
stake1uyzgvxdusxqel3yau5vl39hsfe8hreehmk0030nzx24gmfsu4j9wj,132628,drep_always_abstain,554,1b2f1f6d763c0c8377216cde07c20ee34c5593240c66044314d7a6ece9384e86,2025-04-25 03:20:26
stake1u9kyeue9zpjmdvvrqz2jd0xh2zxz58v9mhxv3zms4ma943gnjs8mq,4560,drep13d6sxkyz6st9h65qqrzd8ukpywhr8swe9f6357qntgjqye0gttd,555,1c8ac5a505a02bcf73aa9251803273076e2a69e2cb4db1f39a05d57858578b15,2025-04-30 15:07:54
stake1ux886chpervvxc00ltrezmpc9e7320urrsnwxct240rxntgjg3946,193303,drep1qe2l8gw8v7ydswfp9twytxcc3wzwdq8npt55f3vnlgv2u8sx3nt,555,5e25eb701be4eafcb878c2af5e7cc0bc1215e0530c401141523d2a57b7d93f62,2025-05-02 14:10:06
stake1uxy88kf7gf4gdk84gjm4p6ut3xl8hqwvfje90eyhzdy39kg4av0lc,106138,drep1npqc9m60dg9a27e852jn8wse9h3l975qsgwgh22mmh2eqzrlsfc,555,9d92b4e30df1a72ebe02283d9502debcd2a6a819e2c44907eb85cc6828527028,2025-04-30 17:07:16
stake1uxy88kf7gf4gdk84gjm4p6ut3xl8hqwvfje90eyhzdy39kg4av0lc,106138,drep1npqc9m60dg9a27e852jn8wse9h3l975qsgwgh22mmh2eqzrlsfc,555,921e0593303c2da1fc251c51cf30338c8ecf581162b9485c08b7edec6c8005a8,2025-04-30 17:08:13
stake1u9f9v0z5zzlldgx58n8tklphu8mf7h4jvp2j2gddluemnssjfnkzz,3126852,drep_always_abstain,556,ec3986cc1b6a73e49f104ee0123fbb6c4423ffd49275ab674149c99040ce8ded,2025-05-09 11:08:12
stake1u9f9v0z5zzlldgx58n8tklphu8mf7h4jvp2j2gddluemnssjfnkzz,3126852,drep_always_abstain,556,8de5ff70913febbb8ab858baf0f81f7e3a2ea636e1d858fef61e62e01fb71eae,2025-05-09 11:51:38
stake1u9nqmcr9fntk2c5eaz7a7rp6zq5y5ax3a0r4qvyhg2v7h4gm8rmxl,33934,drep_always_abstain,556,6d55b391e38f57fc3694b5cca0dc7c0af637480c4f766570a55271c95252c638,2025-05-05 21:26:37
stake1uyd9nlfhfulza5pwdf6w8u3w7ul8klwtfjg8m3nqg42ppgq2lwh3m,135085,drep_always_abstain,556,b41596ce36183461423d5e2affc5ffc4650395fe73a836e34406521acb150ed5,2025-05-07 17:34:12
stake1u8j7y26c9yplk5s5cdstx4vum5n5k8kumcc3cgsf7qvnjrg9jhmug,7720,drep17c2cvvx6d2xxwwwea6d9w4g8jnzprnxs3ag8mawf45kvvswfhgj,557,5c80e8b75ba21681e0d2f1ede3f116d7b6eb2bbf59ad3863e2994d47fcc26860,2025-05-10 21:11:20
stake1u8tq4s2f03gzvckm2guv5yql4jaa3enw5h8t9mqg8la64egwq6yka,60449,drep_always_abstain,557,659e3af1f72442daffd8f5e356de163acc7a8438c7901ccd27b4186bb952c68d,2025-05-10 02:36:06
stake1u9edch9fgf6kftkshaclr22h5g5w3t6lqtk4h6qaj5le6tszq5rpu,92066,drep14pjm8ytt682wkp4jcegdj2yerkcy9a20xevvp7udlcd0ggjxdud,557,742bbce20928b31b26c035a582027cf89ebc3ef57d5eb8fb8f264e7b4a11fd35,2025-05-11 00:55:42
stake1uxmyuy3dn4ntgvryq2ctp5xhj3nqxx75099g834dhmxegtqrxnegq,111270,drep14pjm8ytt682wkp4jcegdj2yerkcy9a20xevvp7udlcd0ggjxdud,557,4ddda6ae06e62a8d7237ce69d04d221c717372a4a41dfd6f3408e7b1364347e8,2025-05-11 00:57:20
stake1u8n0kp7t97eu0z5y9jasp63lv7nzqyzv8muq454dc255zlsl0udsj,140722,drep159gyj5naypamldy257r9g8hsmj8caxrjdw8j3ez0zl0qqu23zd6,558,9faf13276ca33ae2ceadb86fd77755c7c2685c29d21c4964f2e70e647496e4f8,2025-05-19 02:59:15
stake1uxp2huwscwf4tgnxs8vn3pd5vlr4z0j2036yrcw3zh7qnyqv6v6ty,130588,drep_always_abstain,558,7bd52de54a44a90bc89711d4588e261ebed6657c8d44f0c948088bd46bafc296,2025-05-15 08:00:54
stake1uylkt0tmfmx4vgsnzs3f8msq2p3q76l8u9fwty5tc8mdflcu2x96g,41023,drep1qe2l8gw8v7ydswfp9twytxcc3wzwdq8npt55f3vnlgv2u8sx3nt,558,25da6fed76844570d91ebe8b73b16baf6a293048862e9b2da1a81df4edb019b1,2025-05-19 09:29:38
stake1u92nlup2yt8sufe8t0s7a66cde3huzt04j658sdrgu7pqtqn99nhx,81727,drep_always_abstain,559,a4a897aee789802e303c65fb0f083906502c71f8ebbcfe2aa177a9402a7e0ed7,2025-05-22 19:30:43
stake1u92nlup2yt8sufe8t0s7a66cde3huzt04j658sdrgu7pqtqn99nhx,81727,drep_always_abstain,559,fdc1626407745ad902abc7795b51ceecfc7351f4d702350ee5996720cee19fa3,2025-05-22 19:28:15
stake1u9ggtcevzx83fypzaj79axw73ha3k8tydpud24t37nx28pctkgvz3,35261,drep1n6gwr6wsyhawt2lewpssmqqnfu4ss75h0stc25lkpsl2q72gycy,559,a0ba3fe88f3cdb5ccd04be30bee6509b29fd7df6ce65ed41caa1a3f2bcb3ff0b,2025-05-21 18:55:19
stake1uxhwaj4h2qpl9qxxs9jhtdyjv6pr3nh5nu2vsvvuq7d2mhq6cgfeh,190792,drep_always_abstain,559,115e3f0e3011309e77dd5e7fe9c126ed3f7ff9e4ea67b8baf3dce8b9683823d5,2025-05-24 04:50:07
stake1uy9w9fm2l37tdksg93ndkz0dhkf3jnfdusq5mxfqpu2jqsqcy8sxj,45905,drep_always_abstain,559,35745106bdbddd29279dfe9880b6b23ccbeefe9ea545a929b951e28a52678ce9,2025-05-22 04:16:49
stake1uyp820ytdz7crpksx6s6tyt6t5ec0endtma89xyznjpg08c2fpmfk,84777,drep_always_abstain,559,9d1ff123710949b0fefa24aa3c741179d52015900613da7ff7741354ad6ef1cf,2025-05-22 11:11:51
stake1uyp820ytdz7crpksx6s6tyt6t5ec0endtma89xyznjpg08c2fpmfk,84777,drep_always_abstain,559,239c6c8f751ea51be9aa7e2f19be8cb89162ef35d5ddb44ac5fc19b0521ab6c2,2025-05-22 11:17:19
stake1uyp820ytdz7crpksx6s6tyt6t5ec0endtma89xyznjpg08c2fpmfk,84777,drep_always_abstain,559,5e63dc7394758e91ec615d3d63127ff9b4929fb5aa553d5d8474c0c2057512ec,2025-05-22 11:20:34
stake1uyp820ytdz7crpksx6s6tyt6t5ec0endtma89xyznjpg08c2fpmfk,84777,drep_always_abstain,559,71cdfe1df7e12a97089e51d8a6f33cc651cd6898fc7e3ade178750db6b5e054b,2025-05-22 11:38:38
stake1uyp820ytdz7crpksx6s6tyt6t5ec0endtma89xyznjpg08c2fpmfk,84777,drep_always_abstain,559,b2436ba8c1eb06dd014f38007a81bbb90170c63acc6db4cf184867243b174b30,2025-05-22 09:44:27
stake1uyp820ytdz7crpksx6s6tyt6t5ec0endtma89xyznjpg08c2fpmfk,84777,drep_always_abstain,559,e84eb9d6c3fc15c0630fe963011a93950aca7648e36844779449302c09e0cff3,2025-05-22 09:46:15
stake1uyp820ytdz7crpksx6s6tyt6t5ec0endtma89xyznjpg08c2fpmfk,84777,drep_always_abstain,559,a7c04f15520194bdedb21466a5e015f3a24d5fbaa7e3fe8192310c022378e172,2025-05-22 10:59:00
stake1u8qrjt70gqmj0t22srr7yecwnrhqh3wwkwrnhtd7x7yrcqs2zruex,123364,drep_always_abstain,560,ad60dacb1e57373cf5ac39d3eb0851f12899d01e2c428ed81420cba68371dedf,2025-05-29 20:13:46
stake1u98lvc3ulc0p8xyzq66ctmu0hjfkx8gvd7uc7skc6tjy23cmf6sms,3073,drep_always_abstain,560,5f10aabd639a8b18ac649469d61cfb167598c271dcaad4db70b6d7b1feadf3f1,2025-05-29 12:21:54
stake1uxedp82ldejuj4yazpvvjx4d6s83t3ran4dl2axf0csqnts9rfvwu,30633,drep1qe2l8gw8v7ydswfp9twytxcc3wzwdq8npt55f3vnlgv2u8sx3nt,560,0ad83722590117277bf03e892493bf6aa89cb3a7848925d4e02ba357d8e1e16d,2025-05-27 14:15:25
stake1u84jg5qhxyzq4ehltz38zjjzyj46zmg4d4lwedk2mumgd6gmj9yhj,120804,drep_always_abstain,561,6c3d37dc13e3e64e3a768603d43036eb328a72a9da410dd6d42d89eb2eaa7c27,2025-06-03 08:09:33
stake1u9m2j5f4lvp6q3r3u5hgele9e3hhnwkag7g9tugdu3q299sqjxs0n,241369,drep_always_abstain,561,852eed8f3cd07ebf2804e5655592a93b6c3870a6ad7db5cc69b3cd2b62fcb592,2025-06-01 11:23:47
stake1uyctq0rlf7k4m743rezwmz4gd8f7w8sxv6hm77dr2qkk49cv3v3lv,8622,drep1qe2l8gw8v7ydswfp9twytxcc3wzwdq8npt55f3vnlgv2u8sx3nt,561,6dc623954165f458b80fbf2500531dfa2a391b0eae9174136a5620763bd4a3ae,2025-06-01 10:56:24
stake1ux782eprh0yjs8j4ve4xgt5mwkpev5mrsp80ls4lwjak3dcuv00pf,982577,drep_always_abstain,562,a5eb74ba895186ccc91e81d3b051099b3ad59006880b2af98825c7761654e1e6,2025-06-06 12:00:45
stake1uysnylahj5vya9u4v3nrhx92aahe24rhw4lh2jtj5sruxucw55gfp,27544,drep1qe2l8gw8v7ydswfp9twytxcc3wzwdq8npt55f3vnlgv2u8sx3nt,562,cee690eb0de405dc34c2021fa7b1b78bebb326253ed4f96fba7c85277cc8d9dc,2025-06-07 11:35:49
stake1u85rtfs205u2xgch8d06vs6nza4l9e700zan3tx2azp3tecvm7lnq,40397,drep1ypft5p9fdetpr2zy7zww9j3nku6px06cwkstzqh75sk5vn6t4pa,563,053da99eaf3b0324e41e2f82821732f12070f5ce6dca6ecff700a9f696d9b456,2025-06-12 19:21:43
stake1u8epgm60txv8ys6jpuhe0a0ve72yf4c5pjnr74dr42cxrqcx3r8xy,330152,drep1qe2l8gw8v7ydswfp9twytxcc3wzwdq8npt55f3vnlgv2u8sx3nt,563,b0458563c9164ecba9602c1e3fa894d4e0d855d937e4434871b297deb4a86fe1,2025-06-13 10:45:53
stake1ux4xleju4s9vpwzsq2c8p02scwm0kxu9u87lzrfwe70dzvq46gvw6,106280,drep1gdgxcfaf24rur87f6rjkayn5slf7k0kspmq30nsfff6w23q8qgc,563,fce9f4babaa32c8982a10cf69ba1f8ea4f3128d8107ca0d59a346ac7eba7acc1,2025-06-10 01:07:11
stake1uxewjfk8jxqqv3x9eudqme3zd6qv7ajljzfmx86jux08wacnyxrdc,3490503,drep_always_abstain,563,1100abcdf5536dc17fc4e33eb2024087bb9db369169603be2ffb599f21300215,2025-06-10 06:45:24
stake1uy87xk5649j0nsstm3ny04x9w8lcqx86lwxm7q4htday22s0l56dd,185587,drep_always_abstain,563,a0f2ec71aa15c7ab763edd6662210d4e2e83086c0fba0448d1f9c7e039e13405,2025-06-13 16:47:41
stake1uy87xk5649j0nsstm3ny04x9w8lcqx86lwxm7q4htday22s0l56dd,185587,drep_always_abstain,563,9a7dc9010b30db7aa498611f5ee71c211369bc797d978e0c26dbd7bc9a57ea29,2025-06-09 19:35:39
stake1uy87xk5649j0nsstm3ny04x9w8lcqx86lwxm7q4htday22s0l56dd,185587,drep_always_abstain,563,ebc51275a890b9635d11fcdde0f4ffea248921ecffad6ad1ac51328be5607b43,2025-06-09 19:38:07
stake1uy87xk5649j0nsstm3ny04x9w8lcqx86lwxm7q4htday22s0l56dd,185587,drep_always_abstain,563,a7b0815450f8f6df25b8cbabdc5327a0ed40df39bc2f945b91fb66b02c94ad72,2025-06-09 19:43:18
stake1uy87xk5649j0nsstm3ny04x9w8lcqx86lwxm7q4htday22s0l56dd,185587,drep_always_abstain,563,713ce38cdde2eb2e5afeb866b326f63d92400e9d7f20b9ae95dc4a726a4722cd,2025-06-09 19:44:08
stake1uy87xk5649j0nsstm3ny04x9w8lcqx86lwxm7q4htday22s0l56dd,185587,drep_always_abstain,563,a7d5ddda00415fa87b000c45663f405aab63522b219bcd36c53142cb31c73a2f,2025-06-09 20:25:47
stake1uy87xk5649j0nsstm3ny04x9w8lcqx86lwxm7q4htday22s0l56dd,185587,drep_always_abstain,563,d4f232021282092ae3b9187f55eae346628974f36914c3d47064f0b850bc4615,2025-06-13 16:41:58
stake1uy87xk5649j0nsstm3ny04x9w8lcqx86lwxm7q4htday22s0l56dd,185587,drep_always_abstain,563,a2e8f44df1dbbb119a0f352fb3b74ec8eabb2e59575dde14e4c430e5622759f0,2025-06-13 16:44:55
stake1uy87xk5649j0nsstm3ny04x9w8lcqx86lwxm7q4htday22s0l56dd,185587,drep_always_abstain,563,71ffc2e81ae608afcb099fd502019032169ef9bdc89eefa0f1a97096422b3d78,2025-06-13 16:57:44
stake1u82k0pexuwy5tlac3r7l45dx62dpq0j6wj0wdgk082zqxqgpcz527,50335,drep_always_abstain,564,69440bc33e80f91f710f538e86e08043c44241b24e710bfa90cb39c7e5a737bb,2025-06-17 20:04:45
stake1u9mn02agdpv5w402na798upa277exuqcnzhh47rgd8g9hlce8a0p5,1454,drep_always_abstain,564,1e6eb5604931080ebb5eddf93846c0b862b8f2f3f920533dfbaabcaa4489b1d9,2025-06-17 17:36:54
stake1uyth53xdz9u63zppetgr88uft8g74u78evxft3fzl3c7rqg6l5lw4,551,drep13d6sxkyz6st9h65qqrzd8ukpywhr8swe9f6357qntgjqye0gttd,564,2ccccbfb2fb73f141139a22e385cc852582e3e68fba1881293bc27a5da73e64a,2025-06-14 08:32:29
stake1u80zks7e268k5ctjcvrgypgdh7qjru0umyv7fem7tkws53q6mgres,167336,drep_always_abstain,565,4757dca417d918f5ef2686758954cb26c56e365137d77da257ae2147d7c4415b,2025-06-21 19:05:21
stake1u8t3w6srpcsw7qfsj35qguk0l67ggazaxzdd2zjec4v29agtqmzrf,47654,drep1qe2l8gw8v7ydswfp9twytxcc3wzwdq8npt55f3vnlgv2u8sx3nt,565,21a927d5f83582df58323d8049377a24d41e8759505422b4c11873ecc0c36729,2025-06-20 22:06:03
stake1uykfucmtt7x27vhd88l4zpkr9njn6ecg9hw8y634rzxyxqgy0gd38,58445,drep1qe2l8gw8v7ydswfp9twytxcc3wzwdq8npt55f3vnlgv2u8sx3nt,565,63bb3d1c7b2d79433b468b74e0f0bdb33d3ef78ced152f2e5c6de66909386a47,2025-06-22 17:07:59
stake1u8c9yc79dyvggxyu8e7addtdtnv6ak2jkvfnj7v5f4h2uysd6wrpu,116716,drep_always_no_confidence,566,a4b876a50349d2a1e5fccba63ff3815245a9ab723aa237056617e0cb17b1234a,2025-06-28 15:27:14
stake1u8c9yc79dyvggxyu8e7addtdtnv6ak2jkvfnj7v5f4h2uysd6wrpu,116716,drep1km69g7ksf8t5g0h9d9tkrcd2tezxelx0wtr76rv2mrkl5nzd6v3,566,83bc47018ffe2e6842f4125d79327cb13ffaef19ac1d47bee619ad8a278b70c8,2025-06-28 15:29:22
stake1u8fl3434cy5ng2ly7aqa3kyk8gra5hpn32a0dlpnwt7l8nsagm2wy,82076,drep_always_abstain,566,caeefe118c99406e1290eb8866a4b001862adb4eea439c0e96a9b48d46781d89,2025-06-25 11:49:56
stake1u8vxcnuetl26sszpfqe28y7uvzzddax5z453tl2fqdhj4vc0qkt2e,57425,drep1ghq6tzqa3wn24pmnmspz7l8u7jauxatmqvquekt95v7tzupktt7,566,b93905dfb6de1e355f049429a36449f15e2b94dc5c46a34da12882a44365afe2,2025-06-24 22:13:09
stake1u8zhzaudvk6q39n8ckh93lca5v8dh0752sx3uqe9f9x3fncrduxf9,152194,drep_always_abstain,566,d02b35cadbc6561b68b778649ff9f2a359e217ea450bb1552f970a7015202a6a,2025-06-27 13:03:37
stake1u8zhzaudvk6q39n8ckh93lca5v8dh0752sx3uqe9f9x3fncrduxf9,152194,drep_always_abstain,566,6ec56628929af12769ddf5ff7946f4dafecdaac5cf77a4cd404ac6b6098f1bcf,2025-06-27 13:06:12
stake1uyg6frfenpxlz36cgj46hwcnva6edx8nj5h43w3gawu6l7qmjkam5,3168585,drep13hw8d4m6pc9wfj2xmpr3xjhvl4wyhkvkqwq6qxn9atw9ssqheer,566,95b4756926995d5258c89ded57a797f98e1b056015f08d1b874fbdd33bc86f02,2025-06-26 18:17:58
stake1uyfttma99ndgfclfmyxvl706edjdkqqnyk349dg3fqcfmkq7v5kuu,156566,drep_always_abstain,567,87d71f1c91b1234d1edee79da062ded4ddfeece62520a4b8000349c03b6a4b49,2025-07-01 04:01:28
stake1u97juy2yrna9s7ajwtxejcmax7hdjek9694h4a33w0c9r3gzl5u6f,3203682,drep_always_abstain,568,f7dc9782a34bf2ac521e86e856f69a26a2892a4cf1b2da4e5b0f8141da44d10c,2025-07-08 04:18:52
stake1u9k2l4jghlcvturwa4hze86yx05medhv7jktgkcvzqv76xqxsk23p,54232,drep_always_abstain,568,8114f7fb784efed9f367a5b3cf4e8f83dfb9580e52c1e1afee66dafa1185c836,2025-07-07 07:45:30
stake1u9x7hm5v9n6cxszdwz8rcjrpguqe4g2e0qqwg48ucjc0ers4przee,120124,drep_always_abstain,569,5d372820c018f3829a58252d84704d9685eb57dcaca3b0679dad517c14e24da0,2025-07-12 20:59:03
stake1u9xp8842h0qwwqr3zkc20yxn3yq94m38nmvvgasunl9ddwswmenlw,51018,drep_always_abstain,569,479d05666e44eb5dc1c2f2e542671e26843460ac11d2211cc63aad43da9350ae,2025-07-09 19:52:09
stake1uylp4xj87cj2awrcnesvcg5q40tn2dq5zhhg6534s89s56g43hxdx,1265,drep1m7rzzk4ftvd02w872genpy6kzeyplhdyjeaw9kq3yhmzxtwnfu0,569,52fc09de986d6aab5935e9fe89378c47957c5f1849467aace030c389242662f0,2025-07-12 15:35:47
stake1uywmkqcelgj5l26cch835mmu9rfu476grdm9eus23ymgtnqf43u4d,72924,drep_always_abstain,570,fef36205ae99a765a56d0c04a157d489a6ddae0c9d713bbefa59c3b696769538,2025-07-15 04:31:25
stake1u833sjeawsnagtxvzawea6yhks7wlny4v4fk6w22wnz4cwcmf2szm,12106,drep1mvn7l9djdckd533eql2rxx42wr93sdvdzwp3zmz4j8h6ss7vkfl,571,3ff11cdd23116940c038b0907b6a66e812c2b6b6e07948f58b9e883fd960363c,2025-07-22 12:05:30
stake1u8wfpy873zxhmak4shlplwkpslarukdwjn6r26qnk3delzcag9lru,217476,drep_always_abstain,571,ec460eaf035084b634967f56dbcd902eb88aa22f33078b18c1f077fdc8fa4228,2025-07-21 21:17:15
stake1uxdt7368nsudjmszxjn2g9tu7jyywmvu7flt4qc6xt34saqmc443z,137171,drep_always_abstain,571,a7739d589b65cbdc87d336f0822f27f88d8372ab829d1c21bcbddc70bd4874ac,2025-07-21 15:49:20
stake1uyr6x3wwcf289w0nnk2pnxrcelepwqmy9s4jew502r4atpq6u4s2a,105456,drep_always_abstain,571,a90024d6f911c8eaba7b510283d4085e4240e3450649c4285d0c5a4af801b33d,2025-07-19 19:13:49
stake1uyufs23fdrj0j7tacp25z6236wg0cufa497z6jgnwe0yq0qxu62mz,136230,drep_always_abstain,571,411cb8aa77cf05952190c90273cfad5571420922411dd78267bddb4118fd7f9d,2025-07-19 09:03:05
stake1uyv6xgv0akrt5s8gwf802v08pfclzaumhkxy9680nrv6nlsylapmq,105121,drep1qe2l8gw8v7ydswfp9twytxcc3wzwdq8npt55f3vnlgv2u8sx3nt,571,003f14aad1d7dbe283febd2632f8673429289d101e68fc81475b33feede07416,2025-07-23 11:00:40
stake1u878yv07f2aewhnhwahz3368rmd00g72un2xknjlpuxkges8urc2j,101185,drep_always_abstain,572,e14db9d047ae2e9a2211a008186d333efd89bd16052819a3abcf1fcd0398fb1f,2025-07-26 12:39:59
stake1u8rc746aw9758ad0ctzn8dlf34m7xp28dp6fegs9fy7z5sq98ahjc,153448,drep_always_abstain,572,c1d88b9cdacae00080997f9cc70a6a2ae17fd09afb7e6e35496c867bf56aa493,2025-07-25 07:01:09
stake1u9el373lca7uzt3xmqlpk6un7me45ns6e9sqwf9mraawtmcl6pggf,273714,drep1000002hneyj7jl9y95m0zxdsg6dp9n9y59lvlm7xjqp4qh2jx7h,572,a4f9b287694718c30233355d127ee11919849dcf718a4e37f33b03d2a7590b26,2025-07-26 21:20:43
stake1ux8pra0etcwhze4yhmkrk42hk2yg7a7rhae7v69mr08wmfsp8fst4,1777,drep158mfwdv7lvqzg0yrdxwhsmkq5406nmvw4yvjyyfcawlwus2eylt,572,e161202850f7ed50908a5662cef13257bd88fbc693087b0ba0c7b6e6e1b8ce23,2025-07-28 09:08:48
stake1uxa2nt55tnz7apgahk7avqu8qdmjqdxxdplqgjs2lg2wk4staedg5,4672,drep_always_abstain,572,99d3b82ebdb79aa3733efe9478c12b35eb70b359a6735e28180df52109cc35ea,2025-07-28 06:14:14
stake1uxk5ssuxfv4rgnj66ct5kh77ajaeuvzczp7rwc6vlpvyl4glpmn2e,43101,drep_always_abstain,572,23b83d9b50300fe3857803852e5ec8d0618a5425175a4ac9fe7710095ce40b63,2025-07-25 18:57:53
stake1u96p4qdr83p4ka8c7z9fyw3h3m69wtu7eyepez8s8jvt79smhwc85,8625,drep16tsw66jtrver8ur3y3zzq2fl0m4swl4lwk88fvu8d4z4ydukrj0,573,9984176a86dc323a6593563bf4b1b9c866483dc9c1e12e67489daf8d114a90a6,2025-07-30 22:52:04
stake1u9tsfs23ratuvxk422ltvw4hkq55668jvh7qrmurcqyvnmsssavcs,26120,drep_always_abstain,573,2e243cbbdadebbe17778a7801388c2c857ac0a80aa01e81b7170c294c9f4bf9a,2025-07-29 18:34:58
stake1uxy9aunymgxdzfhjggm2pzx4675f4a3ymu5yqmexdzusz6sjgrfzz,55167,drep_always_abstain,573,fb47916bf4879184e18ec5f79c37e351fd4e39386b1de304aea3d2e538b770e1,2025-07-31 20:23:08
stake1u9hzagkt3ke2xq08vcaatjqcj9tkngd4hth2h7p6gy3y9hqw7clzw,716484,drep_always_abstain,574,fed8cb752a8761000d6c249b0045c59945fe9c4ed6fb9efe37ffd6b1504b6084,2025-08-03 22:20:57
stake1ux7k63jawn2a6rgy3rgqyc8kh7e0kw5dm2tma67zly3tr6gnpuneu,143412,drep1qe2l8gw8v7ydswfp9twytxcc3wzwdq8npt55f3vnlgv2u8sx3nt,574,8497e772c3c754f7efdb8889b110785c4fe9e60246253416e90ec466a61273b1,2025-08-05 09:53:20
stake1ux7k63jawn2a6rgy3rgqyc8kh7e0kw5dm2tma67zly3tr6gnpuneu,143412,drep1qe2l8gw8v7ydswfp9twytxcc3wzwdq8npt55f3vnlgv2u8sx3nt,574,2e14dc8e0374488c2940d28aad5d7a545e277593b0e560340f00375e05ba1713,2025-08-05 09:54:54
stake1uxkxy0vl3l8mct2xlm0gqdgjan2kw0j43jp203r6t4g0k4q3devew,46162,drep_always_abstain,574,7b0fcfe3631bb5b4b17332b770e412f935b4ee50b9af99c527ce3e084e7f52f2,2025-08-07 20:40:27
stake1uxzx0ltkhwtfyqyv0rkjr5day79e5w79n2ejamwlplwwe9ghxmk2h,61806,drep1qe2l8gw8v7ydswfp9twytxcc3wzwdq8npt55f3vnlgv2u8sx3nt,574,9aa307065e76136d53fa1d32112fbdc9c87093ab8b4c116e8eeb4ae88d1a6aab,2025-08-06 09:39:23
stake1u9awfmg5md9wc2medreycgvxscev4lz7ktxl06a7xlhe5askjadeu,117558,drep_always_abstain,575,8994f4b82a26bcf29c1c2cdfdbca89e959a66e2f722ed00df2287867def26b23,2025-08-10 01:43:44
stake1u9hjf2rppwfx5quecpp3hp4cnah0rhcwsn4p0wgg9qd86lg06we78,142985,drep13d6sxkyz6st9h65qqrzd8ukpywhr8swe9f6357qntgjqye0gttd,575,3756e771b0f92014cd768ec9ad08d20c2ebc6bf408f90a45a414056aa373ea29,2025-08-09 10:31:48
stake1uxnkrhkfke5fgg9p32f9kgs3envcl7s8dvm65z5lsfnzruqv8gkkd,6659,drep1qe2l8gw8v7ydswfp9twytxcc3wzwdq8npt55f3vnlgv2u8sx3nt,575,0a073c193c7707f8c14ee5e0a4cc0ed84a73a322326325f7962d88795b8354eb,2025-08-11 12:09:44
stake1uxs72mtj5zthevm6rx0s79uvdhlz8zsd4h0ppuphuy4rllgphcyyq,46618,drep_always_abstain,575,97b440c99f097f7940a2141c0b525217ed0155b419052a2772c277927d36ad47,2025-08-11 12:58:24
stake1u8v5fyy3fs5d7ann2zuj4ps4r29qlzzqy8r44dpg86u9lwqhgj4ga,250973,drep_always_abstain,576,ce7f17e5e7abbfa3d9de754bce36e878289154a4b19a9a42608d6c96f6f77be1,2025-08-14 18:27:42
stake1u9j3ptmkw3adgrsy5jdyw7kalcvrny5f0hnf52zu69rck6cauchu2,316,drep1n6gwr6wsyhawt2lewpssmqqnfu4ss75h0stc25lkpsl2q72gycy,576,1805b8a26a8180e83135cffa171e4469da44d6741d57a3690403ad8a59963fcc,2025-08-13 07:03:08
stake1u9kkc24e82q9fran2krpnrpjh3dh6sygxdj9er79syp5pach275ee,78697,drep1qe2l8gw8v7ydswfp9twytxcc3wzwdq8npt55f3vnlgv2u8sx3nt,576,40e1ad7c9151e0ad7b0907878dbb8ed7012138bf0e290810e62e901e7ae6b4d6,2025-08-14 09:20:40
stake1u9v4f6e9mjfuwfh8p5k744w65q9feg54cl3qszs8r2sgfkclzlszq,36307,drep1gsnseus5um6kckgtyx3pvav23wv9ss2pzyndawtj3uqsw5dr4q5,576,7638eafe14af9a32db0815aa652b168a17a82af2162c4e77ce4beb6c6b524603,2025-08-14 11:09:31
stake1ux6zapsf655ehkgp9afkfjdn2wtkmsv4hzth3zyp8tf2dqgtngp7l,192064,drep_always_no_confidence,576,c97b7e5b58d5bda8fe972007832453c4e6dd517dcfc5ca225fab56c6bef38142,2025-08-15 09:24:04
stake1uxclevvkxxtk079l7x8870ee4cfytt3gal6lqggmptvx7lst46ckm,58289,drep13d6sxkyz6st9h65qqrzd8ukpywhr8swe9f6357qntgjqye0gttd,576,1b87990bfa940c871b5bf2e5303a602720ed23df17430400fe2911889ed9fc37,2025-08-13 22:11:34
stake1u825pgx2350mg7zdlshcuzwmn4xtc2mz6ppts3jyjjjsv8caruzzw,65921,drep1qe2l8gw8v7ydswfp9twytxcc3wzwdq8npt55f3vnlgv2u8sx3nt,578,eb9af86a14f6eadb417da4e0eafb59afd391486c4fa5ec74e1cd4df3c9d4e45b,2025-08-24 17:49:08
stake1u8wm6954rhl56jhpwkjza60nfper3qnsprrf3cdysqunels9jrksc,43062,drep158mfwdv7lvqzg0yrdxwhsmkq5406nmvw4yvjyyfcawlwus2eylt,578,72c1eb716bfdd28d3bec1362543ca68f41d7770633ffcf8cbc8fa8f88f77f94e,2025-08-25 03:46:23
stake1u980z4w8lhtew5dwaj0f66phr37wqlg3js3mz889pqxheashl0de0,37282,drep158mfwdv7lvqzg0yrdxwhsmkq5406nmvw4yvjyyfcawlwus2eylt,578,772d06cca5fd4b258594bd8bce632f07f3bfbeb3d645ed8f70cda6847d56d520,2025-08-25 04:35:22
stake1u99lnpavfcu2rr4qfjhlk8jckeulymesau8uqju84vhn27ctn36r2,64181,drep_always_abstain,578,eb86338fd8a99f2eee87200c04392d09252646b03582143df40800b3a36765df,2025-08-23 09:09:51
stake1uxxl6whm4xmwalyyuwcs278lvtyz6luswaqnaqvtvrg333sv2z2ef,28354,drep_always_abstain,578,103362486c64fb995ea3fd8daf344efa4b89addeca6863a9a8936be158ed8e1c,2025-08-27 17:12:13
stake1uxxmg4en286z8cweadqpl0usm4h4756g2sxw37xvdju4pgs7swlhw,852887,drep1qe2l8gw8v7ydswfp9twytxcc3wzwdq8npt55f3vnlgv2u8sx3nt,578,e9f1121818598f0dc689220dec8c963b7f08a6e5ab33d1357d6cf388a1602a74,2025-08-24 20:09:16
stake1uys7gj6ufqjkhzpf9mllc535pe3g0xfrvsrzxgypt6hckeg4ra9wy,42817,drep158mfwdv7lvqzg0yrdxwhsmkq5406nmvw4yvjyyfcawlwus2eylt,578,7059a3b7830b5333df9f603b37193429568073bdc7fa11f11ddd8e27b23c1203,2025-08-25 04:29:30
stake1u8hytn9lvzdhkkw9qzw8xv2jfj3h64sfse4lvma4qv2erwcyrmv7x,114633,drep1nha38e3edus947xvjlgfurt3zgvh60jnwlqszwfgeh79746tqec,579,e5ffbb0a8911c6fa3d7e405898d977a9d02f132936eaf6bad8ac0f38ae5b6b5b,2025-09-01 14:10:30
stake1u9rjd05jus950tnwacdv3jx6tpmpd07h56hjy8sf4sle3cqhxt74s,36459,drep_always_abstain,579,16a0063217e31904cb74a098d2d54e2144366d486e7fa1add81d0ac0e16c75ed,2025-08-31 13:50:38
stake1u9sl6qqjwervw4qvp5w94ndt7kfe82xs7k66hjs70tmm97gl4yttg,9198,drep1qz8frp3eq58v3dcguhv0753yt9gf3g50plrxw8rxu2f2krf2p5d,579,bbdca38a82726c754af4278556e1f567ac037c3b619c2ec1054ea81a4413ee0b,2025-08-30 19:36:49
stake1u9wghkm87uj99kx7mf0gn48hkagajvsm27uck2tpznrw7agqp8ry6,39038,drep1nha38e3edus947xvjlgfurt3zgvh60jnwlqszwfgeh79746tqec,579,be22718c08293a5b3f43f790cac2ac33f75fed4e4a50094e1af8c161f40ed255,2025-09-01 14:08:39
stake1u9yymu4pfma72p2909t59myrmqezqnntnkakr25589ckwtsseqrvr,83384,drep1qe2l8gw8v7ydswfp9twytxcc3wzwdq8npt55f3vnlgv2u8sx3nt,580,ce286a7a3569045f0917703b9b26857fa5f0ef06edad11faa942ed390141bcdd,2025-09-02 13:27:55
stake1uxe450wuqh78dxjctch5589f3n22urccdsuf6sgmnrepm6snnfs36,327316,drep_always_abstain,580,431d5e3986b4c80570348c147b2ad932cd7191f6d69dfcc03aa5636c6be484f8,2025-09-03 10:02:29
stake1uy6sl06wae7flh7mmu67xws2v70nssqe9yjultf4ec0p8lg36px6h,83213,drep127pc58jyky40fvess0c4tjxkrnkf8ta3sfltvm4ptypqc5fgav3,580,06b7bb5fafe79ab68d9a382c5ebaac5c1a95b71298e342936f67ce838afc87d3,2025-09-05 19:02:33
stake1u833kksqqmjmh3f8e747yf40p0nup4xykscjc7s5sa2gj8qgvx4kv,64147,drep1qe2l8gw8v7ydswfp9twytxcc3wzwdq8npt55f3vnlgv2u8sx3nt,581,be015342f1350424c4b10701e0c73f7136000d5a8f1b8cbc2e067dd8520f2b33,2025-09-11 10:24:04
stake1uxx8xz2vj3sk28f2tqhxzaktvqsrxl9ffm488qhvdwud8wswpppj6,69448,drep_always_abstain,581,dec868081c37f5f967634e87b2e7bb76b7893136248810ade1ecc14fb7525b31,2025-09-08 23:56:03
stake1ux93zhtxs3zkhpya9xqhx9xeevk303k35qnqhexjz4yun0g0l9z3v,79069,drep_always_abstain,582,5143319d7e5be046cf1f269b93fb20626dfb80417e4aed3d245b10beb0da92d1,2025-09-12 00:13:24
stake1uy6sl06wae7flh7mmu67xws2v70nssqe9yjultf4ec0p8lg36px6h,83213,drep1qe2l8gw8v7ydswfp9twytxcc3wzwdq8npt55f3vnlgv2u8sx3nt,582,9bd27bcd6fd146043a17e310a2d2444fc04c55fcd4beeb0140a110fd83c8549d,2025-09-12 07:25:20
stake1ux0dd8wfwan3m94sa3ls76cx2cs64v8nyzcrcd98c4elh7qj23xx4,122029,drep_always_abstain,583,2d3006e003ae6eacb26225bdb1bfea5099e3f31bfbcdd4091363c515ff80bedb,2025-09-19 06:49:12
stake1uxgjgwg4fkkm0pr0eaha3ll0ue7nk56r0yg62xg5ata6quceeakme,48784,drep1km69g7ksf8t5g0h9d9tkrcd2tezxelx0wtr76rv2mrkl5nzd6v3,583,9937acf6ada0fa7b738e9e78ab5490952d4ab05fedc3788b4204c0721f04bede,2025-09-19 23:01:16
stake1u8jzqdnafwctpmtpvaycyaafh66nte4hal92nnc6f6n0sxg549lnz,138303,drep_always_abstain,584,34626b75d7bb18987006138a91bab08b44841c918e443c0e2ed317aa56c61f4c,2025-09-22 21:05:09
stake1u8jzqdnafwctpmtpvaycyaafh66nte4hal92nnc6f6n0sxg549lnz,138303,drep_always_abstain,584,e8f849d62ee172b2c2d4509d32e2242a28c92a0877bc28e745bc80ce31d20445,2025-09-22 21:08:48
stake1u8sgvz9eme5ayvwldkq4n448ukyu3e0lt2p672d4pfgqqrs2563r2,108118,drep_always_abstain,584,e354cbc1c3a747ada58bdbf434284ff20dcc4d48394b5fa836961969ca5567b0,2025-09-23 13:12:50
stake1ux5hrvjve66rq5gkju8pjarvenzmwyv6tr2qsnxvqw6uckcq2ez64,106325,drep_always_abstain,584,29c0d01c1f60919fcfc43708736afb54ef67c7230137a252aebe7170f65b48dd,2025-09-24 23:12:21
stake1u97kv055jjvc5ehma2gl7yv8zf52vmcmwxywvc0r9rqc2sq5rwpsy,113792,drep_always_abstain,585,68d749ad4e70c18ce9e4756d25e411f12a826d399ed304b6cf190017d7be5e19,2025-09-27 19:02:48
stake1uyg7qmczfzemat8nwe2ntscgh3kwevruwtx7ujpfptxh55q4jmpt2,5788,drep_always_abstain,585,c1561cf703b6887d9a224165f0792af7fe4d06a770da98b2148c4782d76e0d46,2025-09-27 07:32:13
stake1u8qslungge3h3k8r8zzxxc6kz9y9tspf5e3u74x53myue7gzg0u2d,223270,drep_always_abstain,586,3f0174d2b93d17b19a5c9f7ab3e0812d9ad96f0fec8b5a7723adaf04dbbc82bf,2025-10-05 05:38:34
stake1u9hpr28dhl89t7y2fd00glu9xepjmkhrzcuxmxygcwnqczsvm0c0y,72958,drep_always_abstain,586,8ba04144c12d3b01d82ad2043e2fa918fe33bd56ba734edf337b6816139b31e0,2025-10-04 00:59:08
stake1u9khd555r4s36frku0vwuwn4wr943wp35y94gsrx6jkfceg2x925g,81658,drep_always_abstain,586,ecbd18a458b424106a208733097ea2844ef9759ea1b11d15cd7f120bb4fa27b8,2025-10-04 00:37:30
stake1uxf32xv0jmx0nngdk09c8tqy09t5e9q5qphq97pdwl65y9cdkeq75,223268,drep_always_abstain,586,f79ead68b5569dee5c061ca2d978d61324a20de9ed650d87a4e5366fb145d178,2025-10-05 05:47:40
stake1u9sf3fhzlyjhgatfku8cnls9qg35mxy9mn692vfenwupqtqpc728w,73737,drep_always_abstain,587,52182971f38aaa2195be8a81732ce21c05a812075709ddf282000174bd630de5,2025-10-08 03:59:12
stake1uxvuw30pgxdchu0vnaznvjdhld3967swlsr40svamggftdc7upw3f,63224,drep_always_abstain,587,f597f3afd3edc622dda04100cf83d61298c45bf9747ebc2f82c4fd94482bf316,2025-10-08 11:22:45
stake1uxwh4vshnzchepsp24l3af26haw8tqwg4eqp40sh5epmmjq039n4m,157769,drep_always_abstain,587,762c66dc8c024b16bfe60af514a9301178934ce2e93106d264bed495cf5bb34c,2025-10-06 22:07:42
stake1u8fsx47e7m44wlwxd22gwf4ftjyrkehcywce4vzkdwx4v9ct7d6kn,119621,drep1mkmnzmtlflcadyyy7g6ju3sn9ppcrut5wn73x00mfwmw642g5qy,588,776750731f6e3688d106be5cfe1ed89f6f3e0459844d9a20b0345c87eb80679f,2025-10-13 17:27:17
stake1u9tj7f7jk8k5vm4ff89lx5me3r2rqqf0vlaadcthuufa4rspd7swy,94924,drep_always_abstain,588,7270a3dc5f4a3d248ddd9ffb1a0cd617eba1d4b6bbad6ec4d159b4c9e9b4c4fc,2025-10-14 15:06:33
stake1ux7klxful3h44t66lsnxn3ac7stfvwm7e86sj9gg4zyymccvkvlps,127119,drep_always_abstain,588,cd7bbe97203eac3b3624d4fa799d8bbf5c4c4971fd6d6ed78adc2eec85c884da,2025-10-14 05:28:39
stake1uxduxavs8dj9xcgdl78n68eey89tfedyaq4crcc8vm3527g2rh6jl,48559,drep_always_abstain,588,66deb4ca2bf43e852e1a808b6b57ef0d20fdec24a1d06acb2764bd88fde1f35b,2025-10-15 07:28:40
stake1uy3wyazaasjwtz6kzqykrqx3y42qgnwf5rk3mp5f6f52hfse2xvrs,103073,drep_always_abstain,588,7aad7720a4aa27aedc775388c2a198ada8c5d8b8a86d5ee780ad7d4cf720f531,2025-10-14 12:59:41
stake1uyj58c4phwlgd7j0w2vjq5g877dgm2yt8mjvk48h6vme42qfvp689,138218,drep_always_abstain,588,28e2c60b87886f40a11bf751ad25c6e07ba7fb2041ea78bd268fa0978e3a15df,2025-10-15 02:41:01
stake1uyweu8wx22uf4e23grtv064qe8p5k4kywl42hxvm8qdflugnum49k,77180,drep14l69ewnmc5h6uftda9ghs3mw49hdu7w93e9alhzxckp0v5pczql,588,eae510fa1ddfe329747356407dd79c6a63429b5c9f253280d18457b7a7f4354e,2025-10-12 16:47:26
stake1u9v5vq4hr0h92ewf2uqenrft9ja8pqmf9jh5uzenarfsrjcrmylnq,49889,drep1mkmnzmtlflcadyyy7g6ju3sn9ppcrut5wn73x00mfwmw642g5qy,589,cfdc1020890768b0dfe985b448d6852e5078de344da5105e62f2b2a7bbf64310,2025-10-19 15:13:16
stake1u9vmh69w4xykwjvslfs2v09ff48f0e2wxe72ez9ewacr9fgltfxnc,39288,drep16tsw66jtrver8ur3y3zzq2fl0m4swl4lwk88fvu8d4z4ydukrj0,589,7ade7a7ddb14b3ded05b5268b6396840c8a1ef6489c2b5bd6f07f72d252fef0f,2025-10-19 21:37:18
stake1uymt4rx57zl6zdsr5wumxpf8ma6v4taev2e5qpzwwzqswfcgcxhpc,2267,drep_always_abstain,589,89f4e0fe3266138aa4b8f6e9add3498565881d9951e430e292969ce467e72ccf,2025-10-18 14:41:01
stake1uymt4rx57zl6zdsr5wumxpf8ma6v4taev2e5qpzwwzqswfcgcxhpc,2267,drep1duf9wj2007jp8zd2k2khq69ppykwq68zsp8vksselwaj5nvnr3n,589,2df39e7a27b124d2bd28d08f228cef038eb9314af0ca75804dc9897c29b0f34d,2025-10-18 14:42:57
stake1ux53sft5u5hq3du0qq7pjpg8h0mtwr06zrde3jdl9mvphvgec0jvl,112335,drep1qe2l8gw8v7ydswfp9twytxcc3wzwdq8npt55f3vnlgv2u8sx3nt,592,305a85c5f2ad2bdeca33ea175980fda0b72583bf25b6710764dd24a714687037,2025-11-04 07:13:40
stake1ux7na90w56yuh807vc3qru24p730k7slklvewr5n09d7uus9g3my7,124993,drep_always_abstain,592,f8dd284260da6c20aa85df055fefa99bdc8dd848e4a4f520e4b79e7c89325391,2025-11-02 14:51:08
stake1ux7na90w56yuh807vc3qru24p730k7slklvewr5n09d7uus9g3my7,124993,drep_always_abstain,592,8bb3ad9d3d4beb8013522c5580f305e13c8ede6a1faeba99de06b62310792371,2025-11-02 14:54:02
stake1ux7na90w56yuh807vc3qru24p730k7slklvewr5n09d7uus9g3my7,124993,drep_always_abstain,592,639fa1d01500777bccf681bd7447e31f752ec188a3d88c10f188c78c72de153c,2025-11-02 14:55:33
stake1ux7na90w56yuh807vc3qru24p730k7slklvewr5n09d7uus9g3my7,124993,drep_always_abstain,592,67806f304ca7c13aecad74873c90c26a06e0f53204282c56b9f153861f09109a,2025-11-02 14:48:33
stake1uxhmxuct27un7tyck6chnva973r3zg3xzkfwwq7rm7dmytqjr0pxf,60697,drep_always_abstain,592,ad683228c36baac2092b2aabbfaf6f98efe0e8a6e069016044ee1bc3fabc7a5d,2025-11-03 11:04:10
stake1u86q0f7nnwf6dryp5tgq5skagfx25d0udn3pqwpe5xqmvycvnaqhq,54624,drep_always_no_confidence,594,7094e9885466064ea6dc73852d64a7d25308183f1515e080276fc07b3cb42cd3,2025-11-13 19:43:09
stake1u8njfw59kr8c4tj9p7fy9l728h4cjyhd249wsw3u5ghx93qs5vmk6,176190,drep1km69g7ksf8t5g0h9d9tkrcd2tezxelx0wtr76rv2mrkl5nzd6v3,594,5a931f85c711261a0071e524bcc1701291e63ebf68131f54747013dccb0cef0b,2025-11-14 12:48:10
stake1uxm5ar6eqmp9nh6lyq8m4fd8e5srxnndzvlkm4puwwqj74cvjy63t,43691,drep1u05yg5ttgkchzpwly339xrc026x27unxjd6vd7dv7umzj2xns0e,594,42b578387c62a58e31a0961a674044efb7673dc5d98e234f5ab0871250d1a459,2025-11-11 20:49:16
stake1u86jl5trmfr70cjfe6capkl2ptx05l8jflspswgh79el5ygcv8xwh,72737,drep_always_abstain,595,2c99e742b2c0eea313f313d11bf6b366a555b57f7022405be26ad607bf4cf76b,2025-11-18 09:21:45
stake1u8p8vgjzw87stm43692pvfjjj7vpuxg5ee9egluh65m4r6qh8aclm,56585,drep_always_abstain,595,b87f90775517074fcf6dd4eacf486ad25dca8b70e1b2f58426f285d5f1bc2a6c,2025-11-17 00:23:11
stake1uxdvlwgukzsaldf3xzdwk80jlc9shg7axy923fvnvn3krlgye9tgt,79714,drep1f8dqtkx6snn7wn7ygdsyxqx5q2x0kmak5je4jvpxmx36y5qvcup,595,ef568aaea8ce16369ebfd6ea52d1d2183ee132a6aa71c5fdea681bfa8bf82e13,2025-11-16 23:08:00
stake1uxl3jscxaj8rnz9pwlktm6m9ex7793kd6a90vy73ua33ehqxtqcrx,126849,drep_always_abstain,595,43469002e1081b99ff409dcb4122124192b92bc022faaf3f804a11c1590745f5,2025-11-17 18:21:43
stake1uxxzk4el953a4vjsyqeme5yaju5sppuezzlff4ya8rlnz2sfhummk,143382,drep_always_abstain,595,17a4d012b4e1b0b2af483d207ec6c956c81e009afc2cbe43e39b6fe4af144f6b,2025-11-20 05:41:58
stake1uy0sej8we5yqjvp0q9przagwynukuwnquvak0q9yzuj5rgcfl62tf,169586,drep_always_no_confidence,596,de8a3ebe0f3c0523269159c1ab3d4f1f57785e380ff9e8d23091e2ba3662c8fe,2025-11-22 19:20:21
stake1uy7z2trhd87x3h386jl4uxturz8r8z74esq9dam5vqfaassmau0lk,2340940,drep_always_abstain,596,c5f27eb93641990dd11155129e950ddfcb61af5b800b06ebd31625b811115e54,2025-11-21 09:56:03
stake1uyq52yrc4dnwl6f24dvsnv53ve2tzn0flmmnz93fv7yyyacwf98s2,840,drep13d6sxkyz6st9h65qqrzd8ukpywhr8swe9f6357qntgjqye0gttd,596,c05f6c0ca8dd62df67694f6c7fc7cd01591729c51ed00d528f63be23574cee7b,2025-11-22 00:21:13
stake1u9865kk28q5efe5kk92sa0fqsynu8wuwxfnckwyq5rxeydcmau6wp,63058,drep1ectemlv45xsnvenfgkhwsxncfvxev4qllj7x5w6vlfc7kmd9zcs,597,bf2fad94197c3cd959d165ee2c3543b8322c23c241a5779e16ad51ed77b6c6e0,2025-11-29 12:21:03
stake1uy7z2trhd87x3h386jl4uxturz8r8z74esq9dam5vqfaassmau0lk,2340940,drep1qz8frp3eq58v3dcguhv0753yt9gf3g50plrxw8rxu2f2krf2p5d,597,03f71d05599030c38810e376e0c5f547f954a4d839c5bbd626e0a095b2a638ef,2025-11-28 06:14:04
stake1u8l445svs4l53pjmv2zq8u4w70kjwfc6zm9vxft5r9wqzzsa7gef3,293,drep_always_abstain,599,4bf089bdb4385827f72faadb5fd233eb4682821c4a207dd67ba2f4b0925e99ef,2025-12-09 17:44:04
stake1u88pt7ky9zwxtj6c9wqkz0evau6tdvupxq4p5865pm2lxmgw9kvsf,84718,drep1qe2l8gw8v7ydswfp9twytxcc3wzwdq8npt55f3vnlgv2u8sx3nt,600,22a798393542f1b75cd31816a4183feb91ccf3d5554bdef77b5ea0b5c89f8bdd,2025-12-11 08:44:40
stake1u88pt7ky9zwxtj6c9wqkz0evau6tdvupxq4p5865pm2lxmgw9kvsf,84718,drep1qe2l8gw8v7ydswfp9twytxcc3wzwdq8npt55f3vnlgv2u8sx3nt,600,66851e7dcdc4018d9149a712310cc78e3c416592b86aeaf9f826ba512804e08d,2025-12-11 09:11:53
stake1u90g6d6map2wm4s0dcf836wzvq93x6ug9sh07kg6zmtaxdqtpzt3h,37055,drep_always_abstain,600,aa4575e443442c8a23a0829f487ae174c03d97a2bbde8680d2574922c34eda15,2025-12-11 23:56:15
stake1u93ulhwk5kdfhek9t7jq6vq4qtk68f9m6hqumruxwjenkxsuvtact,56605,drep1qe2l8gw8v7ydswfp9twytxcc3wzwdq8npt55f3vnlgv2u8sx3nt,600,ade68a1af10645abcf9455adc4f04bb0ebbca0adb78df7382d5148dc7dca7f19,2025-12-11 18:55:02
stake1uxs45fxyrsx3muf3plwxvnekanx8wgf92g8g6pgz0sm37zqx6d2za,3702,drep14l69ewnmc5h6uftda9ghs3mw49hdu7w93e9alhzxckp0v5pczql,600,496ed5fd707e6f341f8d27de4d5c8ba15fdf49f9b2fcc52f3374ba681bd9d881,2025-12-11 01:56:39
stake1uy4z09advcvfazehxt0ggm6ny3zucfj89j3d20pkpl75jhg5mspj7,92876,drep_always_abstain,601,57186d73fbb3723f9d2457065235dc9ab7e21ffda99191520b5633ffcdc51a58,2025-12-18 13:59:57
stake1ux58ua3lrqw3cqwpxtuq3z4mcded5emuc82tzeczhfhlkrcz3tkts,56323,drep_always_abstain,602,11a60898480940d1a51db7ebece48faded2182350bd97245fdb3ac4532e69e50,2025-12-22 11:01:15
stake1u8a8g2euenx3zlaxwmlx9w5pqyr2h79e8zekaaltgp06l7s3pfr7y,56887,drep1qe2l8gw8v7ydswfp9twytxcc3wzwdq8npt55f3vnlgv2u8sx3nt,604,46431f26580b9b1eba3c4b6dfe9c4ce632b685d51186f47f934aeaf14488a3be,2026-01-03 10:22:40
stake1u8a8g2euenx3zlaxwmlx9w5pqyr2h79e8zekaaltgp06l7s3pfr7y,56887,drep13d6sxkyz6st9h65qqrzd8ukpywhr8swe9f6357qntgjqye0gttd,604,b08ef9739f366733382d6a41fea3f1c1255f81c89dec612e653aaa7674bab6a5,2026-01-03 10:35:25
stake1u8jzqdnafwctpmtpvaycyaafh66nte4hal92nnc6f6n0sxg549lnz,138303,drep_always_abstain,604,59f869d2f4c7d51a1971ab60a881c9e238dea1ccba323776ee8ecb3e17100331,2026-01-04 15:11:54
stake1uyasj98wz5kxq3vsgpxucydcchrtak2gj8wngmpglemzl9gzxdydc,1039219,drep_always_abstain,604,68dd8f0981949a59ec1602ab98509fe5d37c855b7b87e08bedcc925f12dfc0f8,2026-01-01 07:45:53
stake1uxlnfewkvjtq0naep6u7lmqmg36mpl9x4ymgdh578cxt58cpex7jw,78766,drep1ectemlv45xsnvenfgkhwsxncfvxev4qllj7x5w6vlfc7kmd9zcs,605,f7f9f851b5e3d433d01f3610ef031fb59429bca48ab15fce1cbaa47a00cf33f9,2026-01-07 13:06:13
stake1uy79zpkpcadcu69z0a6w2hypjn93rqp3cwdsc2s3sg2wldg47ry79,100079,drep_always_abstain,605,c0fe538f2d2af5f1cbced426977649ea9c80f6828af2575dde7796693c0c3127,2026-01-06 04:14:11
stake1uxpnw9v7mfhckaqyjq44z9g9m7cu0q2dq6wacgwylluuz5c42cwzf,81669,drep13d6sxkyz6st9h65qqrzd8ukpywhr8swe9f6357qntgjqye0gttd,607,e26311a8ba39949fef013e19e1c4a31e0b849ac774f82ff190fcb4ed6ed1dadb,2026-01-19 09:34:49
stake1uy7snn7sfughfg8ln7dfyek48t4y9v5t4k82sj48app7ymgps6uxf,56493,drep1qe2l8gw8v7ydswfp9twytxcc3wzwdq8npt55f3vnlgv2u8sx3nt,607,21c6c7bb9da004b72aae3a6107485675afca721a6bb8e3099b3ba1c5b88489f5,2026-01-18 08:48:16
stake1u9hfkvhhy30zky3a0sfatedrz3amrpqpq4lw6wlvq6d8fagrmzl4d,362464,drep_always_abstain,608,3c7b850bf5e268c65e13e051c0a28496a52221baf0b2a680839387023aa43ed6,2026-01-24 21:13:02
stake1ux8pra0etcwhze4yhmkrk42hk2yg7a7rhae7v69mr08wmfsp8fst4,1777,drep19qg34ctllr7lh48nnj4akfc978qzqzuwzkgsdu6r3zc42e5y854,609,d27b5b9ffa7bcad80d92754feb9bd896a389f1ea3f4aaf859a8a96780e6682dd,2026-01-29 08:36:35
stake1u8u3587yqeegec6r72uy7vls6xswzzacseh8892nrkeaspqjugufd,875518,drep1yzzd7prdl628lwac455e0sc5wtw2fldg3f2th6jg7r5c7pvf3mk,610,de4e37b35dca38a094a5ea5028ac66842797a15320a38d7784c2dd75e8a3af13,2026-02-01 21:48:05
stake1ux8pra0etcwhze4yhmkrk42hk2yg7a7rhae7v69mr08wmfsp8fst4,1777,drep1pldju6te2rttusf9lq52fzjk6vscq6zsl9z3tlskwwwgxz40xcd,610,b30ec46f5704edc4514711bd357026477ea5ca0340f1fa771327a66270cc54ab,2026-02-01 05:49:45
stake1uxcjwyunp4nj9lcpng9p45jkqsta6papk57q8z80h32j2ps5xqxc6,54981,drep_always_abstain,610,8f561e02062300fd3205a33864f951a8925f3323a1965b707f9b525530647248,2026-02-02 19:47:10
stake1uxlzndrlnja6nn5yqt2t46ma4cd4zr7nxn3zevzh20r7a6g3zanhy,126347,drep_always_abstain,610,8712eab6438aca34545dd5cadcfc80c5de843869e33f118c2545b229858fface,2026-02-03 18:13:42
stake1uxlzndrlnja6nn5yqt2t46ma4cd4zr7nxn3zevzh20r7a6g3zanhy,126347,drep_always_abstain,610,1a6c54774dedcba8198cbc081fd071cbd250149eca61623a185a3c6035c1c863,2026-02-03 18:14:40
stake1uxlzndrlnja6nn5yqt2t46ma4cd4zr7nxn3zevzh20r7a6g3zanhy,126347,drep_always_abstain,610,dfbf48c22e2986c203c4547f26b27ce91edbaf7738a084ae93d8478b74612457,2026-02-03 19:20:53
stake1u9hv0u52gz9u07rztuh9dz6w5ju5948kx90l0srw72mzdjsnj0suu,52760,drep1nz5796lkhg02luejzc3aec3pdv0tz0s0tg94npxxck7qwayutfs,611,db4c5e5eb38ef841b03e25b3bb5bace318a14a968d87902d6367cc3ca6b437fa,2026-02-05 15:44:16
stake1uy5tpqzz5ppg6feuchpw07zavayrw7lcprfpl3z05jsjfaqvuh70d,51863,drep_always_abstain,612,365066df009c425864719ac027a4caf492756620eabb05327ce18592f6141f96,2026-02-09 21:24:09
stake1u98w8ppd40aq6rrcxalm6jxf0wcmvp460dajhv6hukjts0s6wvyq9,91065,drep1qe2l8gw8v7ydswfp9twytxcc3wzwdq8npt55f3vnlgv2u8sx3nt,613,690cb2dfaa3c877cd362584cbadd82ff88a2ff40799e7c8229528a4a352ac18c,2026-02-17 00:54:27
stake1u9n8ss7qptemau59gt95ukj85n6xmtffdehjuw4v0y25lhslpa8wr,241944,drep_always_abstain,613,05e992637aee7b1e30102f866cfcb88b7a72326c305ad1a0482089793066f885,2026-02-16 23:41:46
stake1ux6klt4t304g842tk9l8myk3lj0azhxaw5yjspqwyqcyspqngdfs0,173134,drep_always_abstain,614,0ab739e5e0c38eec4316ad6a9d20a8df426d1ef4b244fb8972cccf5ff2201942,2026-02-21 04:05:20
stake1u8hvzr5z3pz6u56e5lr8lkdxh3g5xg7tzqgrqd6yw20asrsqhrn4s,55188,drep1qe2l8gw8v7ydswfp9twytxcc3wzwdq8npt55f3vnlgv2u8sx3nt,615,9b1c9eac4b5f5141dcdd2a84626b39ad628f212f1b6e214f98299af6904df2d0,2026-02-26 18:43:14
stake1uxcchd9u2yjcgx79dwzv8evwmhmtzthsxlalcj0gfzm5x9cfezdgj,56412,drep_always_abstain,615,7285302d6a2bfe1be13857aac94e490142bec8c8b129739538f50bbd1a9db345,2026-02-25 03:40:25
stake1uyvdye496wraqe5xjg42dm9rjyklla966el5ytr7y4rahesgvdvj0,49314,drep1yzzd7prdl628lwac455e0sc5wtw2fldg3f2th6jg7r5c7pvf3mk,616,acfa2eda6738d2c479af4d2e57ea8aafae873ae4aba3eeb036c8583534413f46,2026-03-02 17:01:58
stake1u9mlr7ut9zn3ckx8na34mt8n547w9cgea9mca0unrgn5tms3fg6ke,569511,drep_always_abstain,617,af1994c0608cc53cb4d5d162414602ff9f04905557aab245a7926838025cbb42,2026-03-06 20:43:36
stake1u8ff4933s5f2mcn6ma2dhgq92qdym2hqh7v2p66tlqel0ng26peht,89664,drep_always_abstain,618,bd4af6e24932a0beb01d787a6bb22f719dea0d83c8b7490bd8ea5992ffe016ec,2026-03-14 09:34:33
stake1uymnay2gd4zka9g9e8na9g2mtt4gkw0jpj8tvsuwumdrr7qptuj7g,123656,drep_always_abstain,618,d69d1667e672bb416f9f6025d40a7369b2d5237465f29ed3f465cacdc8cb0545,2026-03-11 23:12:32
stake1uy8vczd29splysvx4umcpvw4n6usknj5d5xu9e0qw4y37vq7sup0s,119943,drep1m8mnpykcjfyax5mcs42whu3dt347u8aq43x45ucs6dv3ztw0lez,619,4e916531dbf0b35eaf6d5aa163b0640be7af4b03b039117e9fd2d8ffe75b2e3e,2026-03-16 16:48:18
stake1uyttnhasq5eqccrmlaxjfcfgtgvht7wx95vfmnhq5axupss3nph5h,122721,drep_always_abstain,620,f9a173ef88c8115b9d120151f141ddf282935127f67ae8939403afd5da0ec44a,2026-03-23 23:26:45
stake1uyx3h7gt6au0sm7cptxljdffwu8cgjcpam6ef5wxta4tvvcxd37yy,170139,drep_always_abstain,621,a0bf8390d5088bdbea8736b184a6881cfea89a2b84e58398a761d3734fde1c8b,2026-03-27 06:46:51
